{
    "dataset": "658_fri_c3_250_25",
    "algorithm": "BingoRegressor",
    "params": {
        "clo_alg": "lm",
        "crossover_prob": 0.4,
        "fitness_threshold": 1e-16,
        "generations": 1000000000000000019884624838656,
        "max_time": 180,
        "metric": "mae",
        "mutation_prob": 0.4,
        "operators": [
            "+",
            "-",
            "*",
            "/",
            "sin",
            "cos",
            "exp",
            "log"
        ],
        "parallel": false,
        "population_size": 500,
        "stack_size": 16,
        "use_simplification": true
    },
    "random_state": 23654,
    "process_time": 11938.507364881001,
    "time_time": 11966.537405252457,
    "target_noise": 0.0,
    "feature_noise": 0.0,
    "model_size": 15,
    "symbolic_model": "((cos((exp(X_0) + X_1)(-1.024747)))(sin((cos(X_0) + X_0)((cos(X_0))/(X_1)))))(sin((cos(X_0) + X_0)((cos(X_0))/(X_1))))",
    "mse_train": 0.5438030821821572,
    "mae_train": 0.5798089093772445,
    "r2_train": 0.38763582296912946,
    "mse_test": 1.0832032179849067,
    "mae_test": 0.770190251194744,
    "r2_test": 0.1756989086687566
}