{
    "dataset": "215_2dplanes",
    "algorithm": "BingoRegressor",
    "params": {
        "clo_alg": "lm",
        "crossover_prob": 0.4,
        "fitness_threshold": 1e-16,
        "generations": 1000000000000000019884624838656,
        "max_time": 180,
        "metric": "mae",
        "mutation_prob": 0.4,
        "operators": [
            "+",
            "-",
            "*",
            "/",
            "sin",
            "cos",
            "exp",
            "log"
        ],
        "parallel": false,
        "population_size": 100,
        "stack_size": 64,
        "use_simplification": true
    },
    "random_state": 23654,
    "process_time": 11938.470838307,
    "time_time": 11966.482440948486,
    "target_noise": 0.0,
    "feature_noise": 0.0,
    "model_size": 21,
    "symbolic_model": "(((X_4 - ((X_4)(X_4)))/(sin((-346.646610)/(cos(X_1) + X_1 + log(X_0)))))/(sin(-2.063898)))/(-2.063898 + 1110.247232 - (X_7))",
    "mse_train": 17.27878017357418,
    "mae_train": 3.4000492824927764,
    "r2_train": 0.09873563189733336,
    "mse_test": 17.360917313771285,
    "mae_test": 3.3838381581124755,
    "r2_test": 0.09707069283055192
}