{
    "dataset": "529_pollen",
    "algorithm": "BingoRegressor",
    "params": {
        "clo_alg": "lm",
        "crossover_prob": 0.4,
        "fitness_threshold": 1e-16,
        "generations": 1000000000000000019884624838656,
        "max_time": 180,
        "metric": "mae",
        "mutation_prob": 0.4,
        "operators": [
            "+",
            "-",
            "*",
            "/",
            "sin",
            "cos",
            "exp",
            "log"
        ],
        "parallel": false,
        "population_size": 2500,
        "stack_size": 16,
        "use_simplification": true
    },
    "random_state": 23654,
    "process_time": 11976.230552318,
    "time_time": 12004.47458934784,
    "target_noise": 0.0,
    "feature_noise": 0.0,
    "model_size": 10,
    "symbolic_model": "((X_3 + X_0)(0.014881))(log(sin(X_3)) + -0.023348)",
    "mse_train": 9.881512665239335,
    "mae_train": 2.480041633094024,
    "r2_train": 0.009678774294699544,
    "mse_test": 9.533661329762083,
    "mae_test": 2.417182897161838,
    "r2_test": 0.0009926590729704143
}