{
    "dataset": "624_fri_c0_100_5",
    "algorithm": "BingoRegressor",
    "params": {
        "clo_alg": "lm",
        "crossover_prob": 0.4,
        "fitness_threshold": 1e-16,
        "generations": 1000000000000000019884624838656,
        "max_time": 180,
        "metric": "mae",
        "mutation_prob": 0.4,
        "operators": [
            "+",
            "-",
            "*",
            "/",
            "sin",
            "cos",
            "exp",
            "log"
        ],
        "parallel": false,
        "population_size": 500,
        "stack_size": 32,
        "use_simplification": true
    },
    "random_state": 23654,
    "process_time": 9226.521781616,
    "time_time": 9226.55979847908,
    "target_noise": 0.0,
    "feature_noise": 0.0,
    "model_size": 32,
    "symbolic_model": "((X_1 + X_0 + (cos(X_0) - (cos(cos(X_0))))(0.712755) - ((-0.797950)((0.712755)(X_4))) + X_3)(-0.010950) - (((X_2)(X_2))(0.008122) - (-0.188478)))(-41.880912 + X_2) - (8.166229)",
    "mse_train": 0.10886011416732257,
    "mae_train": 0.2551981161116474,
    "r2_train": 0.8921274141413524,
    "mse_test": 0.14971421572013782,
    "mae_test": 0.3116577099787723,
    "r2_test": 0.838377002005843
}