{
    "dataset": "663_rabe_266",
    "algorithm": "BingoRegressor",
    "params": {
        "clo_alg": "lm",
        "crossover_prob": 0.4,
        "fitness_threshold": 1e-16,
        "generations": 1000000000000000019884624838656,
        "max_time": 180,
        "metric": "mae",
        "mutation_prob": 0.4,
        "operators": [
            "+",
            "-",
            "*",
            "/",
            "sin",
            "cos",
            "exp",
            "log"
        ],
        "parallel": false,
        "population_size": 500,
        "stack_size": 16,
        "use_simplification": true
    },
    "random_state": 23654,
    "process_time": 8316.406489239002,
    "time_time": 8316.43042230606,
    "target_noise": 0.0,
    "feature_noise": 0.0,
    "model_size": 16,
    "symbolic_model": "X_0 - ((X_0 - (3.329019))/((exp(X_1))(log(7122829.756109))) - (-0.576903 + sin(3867.007486)))",
    "mse_train": 20.00128804342768,
    "mae_train": 3.123891388164113,
    "r2_train": 0.9929010120773278,
    "mse_test": 25.294939695737398,
    "mae_test": 3.281261247413519,
    "r2_test": 0.9896181876642115
}