{
    "dataset": "583_fri_c1_1000_50",
    "algorithm": "BingoRegressor",
    "params": {
        "clo_alg": "lm",
        "crossover_prob": 0.4,
        "fitness_threshold": 1e-16,
        "generations": 1000000000000000019884624838656,
        "max_time": 180,
        "metric": "mae",
        "mutation_prob": 0.4,
        "operators": [
            "+",
            "-",
            "*",
            "/",
            "sin",
            "cos",
            "exp",
            "log"
        ],
        "parallel": false,
        "population_size": 2500,
        "stack_size": 16,
        "use_simplification": true
    },
    "random_state": 23654,
    "process_time": 12006.904306795,
    "time_time": 12035.253423929214,
    "target_noise": 0.0,
    "feature_noise": 0.0,
    "model_size": 6,
    "symbolic_model": "(0.003667)(X_34 + (X_40)/(X_34))",
    "mse_train": 1.005759512411709,
    "mae_train": 0.8116318014779449,
    "r2_train": 0.0014109611219693674,
    "mse_test": 1.042230013221087,
    "mae_test": 0.8436797809097607,
    "r2_test": -0.07487191901016943
}