{
    "dataset": "634_fri_c2_100_10",
    "algorithm": "BingoRegressor",
    "params": {
        "clo_alg": "lm",
        "crossover_prob": 0.4,
        "fitness_threshold": 1e-16,
        "generations": 1000000000000000019884624838656,
        "max_time": 180,
        "metric": "mae",
        "mutation_prob": 0.4,
        "operators": [
            "+",
            "-",
            "*",
            "/",
            "sin",
            "cos",
            "exp",
            "log"
        ],
        "parallel": false,
        "population_size": 100,
        "stack_size": 32,
        "use_simplification": true
    },
    "random_state": 23654,
    "process_time": 9542.051353242,
    "time_time": 9564.58534693718,
    "target_noise": 0.0,
    "feature_noise": 0.0,
    "model_size": 18,
    "symbolic_model": "sin((cos(X_8) + (X_4 - (X_4))(exp(log(X_4))) + X_1 + X_1 - (X_1 + X_1) - (X_0) - (X_1 + X_1))/(1.559133))",
    "mse_train": 0.4294270935448369,
    "mae_train": 0.5475734785404252,
    "r2_train": 0.557192156501668,
    "mse_test": 0.424947525220466,
    "mae_test": 0.5346325410034103,
    "r2_test": 0.5573716931298841
}