{
    "dataset": "609_fri_c0_1000_5",
    "algorithm": "BingoRegressor",
    "params": {
        "clo_alg": "lm",
        "crossover_prob": 0.4,
        "fitness_threshold": 1e-16,
        "generations": 1000000000000000019884624838656,
        "max_time": 180,
        "metric": "mae",
        "mutation_prob": 0.4,
        "operators": [
            "+",
            "-",
            "*",
            "/",
            "sin",
            "cos",
            "exp",
            "log"
        ],
        "parallel": false,
        "population_size": 500,
        "stack_size": 16,
        "use_simplification": true
    },
    "random_state": 23654,
    "process_time": 11979.87174461,
    "time_time": 11979.86762881279,
    "target_noise": 0.0,
    "feature_noise": 0.0,
    "model_size": 12,
    "symbolic_model": "(0.341879)((X_3)((X_3)/(X_3)) + sin((X_3)((X_3)/(X_3))) + X_1 + X_0)",
    "mse_train": 0.37256171854514636,
    "mae_train": 0.4839299073698678,
    "r2_train": 0.6195950531813457,
    "mse_test": 0.3516985245309902,
    "mae_test": 0.4509159253141614,
    "r2_test": 0.6675185546373832
}