{
    "dataset": "581_fri_c3_500_25",
    "algorithm": "BingoRegressor",
    "params": {
        "clo_alg": "lm",
        "crossover_prob": 0.4,
        "fitness_threshold": 1e-16,
        "generations": 1000000000000000019884624838656,
        "max_time": 180,
        "metric": "mae",
        "mutation_prob": 0.4,
        "operators": [
            "+",
            "-",
            "*",
            "/",
            "sin",
            "cos",
            "exp",
            "log"
        ],
        "parallel": false,
        "population_size": 500,
        "stack_size": 16,
        "use_simplification": true
    },
    "random_state": 23654,
    "process_time": 11995.543089475,
    "time_time": 11995.591984510422,
    "target_noise": 0.0,
    "feature_noise": 0.0,
    "model_size": 15,
    "symbolic_model": "((-2.693919 - (X_4 - (X_19)))/(125.438249))(-0.066294 + (X_15 - ((X_15)(X_15)))(sin((X_15)(X_15))))",
    "mse_train": 0.9999766204293152,
    "mae_train": 0.7989507103821322,
    "r2_train": 0.0023730851931103025,
    "mse_test": 0.9848498645790741,
    "mae_test": 0.7916073271132227,
    "r2_test": -0.013370417596851869
}