{
    "dataset": "197_cpu_act",
    "algorithm": "BingoRegressor",
    "params": {
        "clo_alg": "lm",
        "crossover_prob": 0.4,
        "fitness_threshold": 1e-16,
        "generations": 1000000000000000019884624838656,
        "max_time": 180,
        "metric": "mae",
        "mutation_prob": 0.4,
        "operators": [
            "+",
            "-",
            "*",
            "/",
            "sin",
            "cos",
            "exp",
            "log"
        ],
        "parallel": false,
        "population_size": 100,
        "stack_size": 16,
        "use_simplification": true
    },
    "random_state": 23654,
    "process_time": 11969.602882769,
    "time_time": 11997.724323272705,
    "target_noise": 0.0,
    "feature_noise": 0.0,
    "model_size": 15,
    "symbolic_model": "(-16.139923 - (((X_18)(X_18))(0.015308) - (cos((X_18)(X_18)))) + exp(exp(cos((X_18)(X_18)))) + (0.015308)/(-16.139923))(0.291152)",
    "mse_train": 124.67691029585524,
    "mae_train": 8.459387853529906,
    "r2_train": 0.6326979804225557,
    "mse_test": 128.4376290075606,
    "mae_test": 8.482433325256254,
    "r2_test": 0.6177857152055868
}