{
    "dataset": "503_wind",
    "algorithm": "BingoRegressor",
    "params": {
        "clo_alg": "lm",
        "crossover_prob": 0.4,
        "fitness_threshold": 1e-16,
        "generations": 1000000000000000019884624838656,
        "max_time": 180,
        "metric": "mae",
        "mutation_prob": 0.4,
        "operators": [
            "+",
            "-",
            "*",
            "/",
            "sin",
            "cos",
            "exp",
            "log"
        ],
        "parallel": false,
        "population_size": 500,
        "stack_size": 32,
        "use_simplification": true
    },
    "random_state": 23654,
    "process_time": 11984.189019812,
    "time_time": 11984.210818529129,
    "target_noise": 0.0,
    "feature_noise": 0.0,
    "model_size": 11,
    "symbolic_model": "((X_9)(1.082234) + X_13)((0.215240)((-6673.069801)/(-6673.069801)) + (0.215240)((-6673.069801)/(-6673.069801)))",
    "mse_train": 14.214668418809048,
    "mae_train": 2.9120931103435175,
    "r2_train": 0.6827749570514925,
    "mse_test": 14.11726215871751,
    "mae_test": 2.917309991116298,
    "r2_test": 0.6859876881727651
}