{
    "dataset": "601_fri_c1_250_5",
    "algorithm": "BingoRegressor",
    "params": {
        "clo_alg": "lm",
        "crossover_prob": 0.4,
        "fitness_threshold": 1e-16,
        "generations": 1000000000000000019884624838656,
        "max_time": 180,
        "metric": "mae",
        "mutation_prob": 0.4,
        "operators": [
            "+",
            "-",
            "*",
            "/",
            "sin",
            "cos",
            "exp",
            "log"
        ],
        "parallel": false,
        "population_size": 500,
        "stack_size": 16,
        "use_simplification": true
    },
    "random_state": 23654,
    "process_time": 11975.692587807,
    "time_time": 11975.70465040207,
    "target_noise": 0.0,
    "feature_noise": 0.0,
    "model_size": 16,
    "symbolic_model": "(((cos(X_1 - (-8241.413026) + X_0))(496.246985))/(cos(cos(X_1 - (-8241.413026) + X_0)) + cos(cos(X_1 - (-8241.413026) + X_0))) + ((cos(X_1 - (-8241.413026) + X_0))(496.246985))/(cos(cos(X_1 - (-8241.413026) + X_0)) + cos(cos(X_1 - (-8241.413026) + X_0))) - ((((cos(X_1 - (-8241.413026) + X_0))(496.246985))/(cos(cos(X_1 - (-8241.413026) + X_0)) + cos(cos(X_1 - (-8241.413026) + X_0))) + ((cos(X_1 - (-8241.413026) + X_0))(496.246985))/(cos(cos(X_1 - (-8241.413026) + X_0)) + cos(cos(X_1 - (-8241.413026) + X_0))))(cos(cos(X_1 - (-8241.413026) + X_0)))))(-0.001925)",
    "mse_train": 0.5798018752588099,
    "mae_train": 0.6119742522880319,
    "r2_train": 0.43332188821598416,
    "mse_test": 0.5129834294906653,
    "mae_test": 0.5647127475060312,
    "r2_test": 0.43825473807629156
}