{
    "dataset": "646_fri_c3_500_10",
    "algorithm": "BingoRegressor",
    "params": {
        "clo_alg": "lm",
        "crossover_prob": 0.4,
        "fitness_threshold": 1e-16,
        "generations": 1000000000000000019884624838656,
        "max_time": 180,
        "metric": "mae",
        "mutation_prob": 0.4,
        "operators": [
            "+",
            "-",
            "*",
            "/",
            "sin",
            "cos",
            "exp",
            "log"
        ],
        "parallel": false,
        "population_size": 100,
        "stack_size": 16,
        "use_simplification": true
    },
    "random_state": 23654,
    "process_time": 11953.658368711,
    "time_time": 11981.819149017334,
    "target_noise": 0.0,
    "feature_noise": 0.0,
    "model_size": 16,
    "symbolic_model": "(((-0.972582 + X_1 - (X_2))(-0.096941 + -0.096941))(-0.096941))(log((X_0)(X_5))) - (0.007745)",
    "mse_train": 0.9276928448262164,
    "mae_train": 0.7413438634201851,
    "r2_train": 0.01807349743095865,
    "mse_test": 1.1496164652946486,
    "mae_test": 0.8707458253988283,
    "r2_test": -0.00586427684137103
}