{
    "dataset": "344_mv",
    "algorithm": "BingoRegressor",
    "params": {
        "clo_alg": "lm",
        "crossover_prob": 0.4,
        "fitness_threshold": 1e-16,
        "generations": 1000000000000000019884624838656,
        "max_time": 180,
        "metric": "mae",
        "mutation_prob": 0.4,
        "operators": [
            "+",
            "-",
            "*",
            "/",
            "sin",
            "cos",
            "exp",
            "log"
        ],
        "parallel": false,
        "population_size": 500,
        "stack_size": 32,
        "use_simplification": true
    },
    "random_state": 23654,
    "process_time": 11988.610855862,
    "time_time": 12016.747278213501,
    "target_noise": 0.0,
    "feature_noise": 0.0,
    "model_size": 11,
    "symbolic_model": "(0.545448 + sin(X_7) + (cos(3331.658971))/(X_1))(0.521781)",
    "mse_train": 88.43747345748844,
    "mae_train": 6.966087589500149,
    "r2_train": 0.17717115055689114,
    "mse_test": 89.97606121938684,
    "mae_test": 7.036903289598019,
    "r2_test": 0.17338035453077616
}