{
    "dataset": "1201_BNG_breastTumor",
    "algorithm": "BingoRegressor",
    "params": {
        "clo_alg": "lm",
        "crossover_prob": 0.4,
        "fitness_threshold": 1e-16,
        "generations": 1000000000000000019884624838656,
        "max_time": 180,
        "metric": "mae",
        "mutation_prob": 0.4,
        "operators": [
            "+",
            "-",
            "*",
            "/",
            "sin",
            "cos",
            "exp",
            "log"
        ],
        "parallel": false,
        "population_size": 500,
        "stack_size": 32,
        "use_simplification": true
    },
    "random_state": 23654,
    "process_time": 11990.391765884,
    "time_time": 12018.635773181915,
    "target_noise": 0.0,
    "feature_noise": 0.0,
    "model_size": 11,
    "symbolic_model": "((-6650.559333 - (X_2))/((sin(-6650.559333 - (X_2)))(-6650.559333 - (X_2))) - ((-6650.559333 - (X_2))/((sin(-6650.559333 - (X_2)))(-6650.559333 - (X_2)))) + (-6650.559333 - (X_2))/((sin(-6650.559333 - (X_2)))(-6650.559333 - (X_2))))(sin(-7260.220548))",
    "mse_train": 107.18560527278436,
    "mae_train": 8.093051476886362,
    "r2_train": 0.0002597865247708775,
    "mse_test": 106.94535281138836,
    "mae_test": 8.119487493580698,
    "r2_test": 0.00029606595682818426
}