{
    "dataset": "4544_GeographicalOriginalofMusic",
    "algorithm": "BingoRegressor",
    "params": {
        "clo_alg": "lm",
        "crossover_prob": 0.4,
        "fitness_threshold": 1e-16,
        "generations": 1000000000000000019884624838656,
        "max_time": 180,
        "metric": "mae",
        "mutation_prob": 0.4,
        "operators": [
            "+",
            "-",
            "*",
            "/",
            "sin",
            "cos",
            "exp",
            "log"
        ],
        "parallel": false,
        "population_size": 500,
        "stack_size": 16,
        "use_simplification": true
    },
    "random_state": 23654,
    "process_time": 11967.09533833,
    "time_time": 11995.182715654373,
    "target_noise": 0.0,
    "feature_noise": 0.0,
    "model_size": 3,
    "symbolic_model": "(0.710248)(X_99)",
    "mse_train": 0.5104040102959908,
    "mae_train": 0.5219353742343974,
    "r2_train": 0.5044524381658333,
    "mse_test": 0.3605441816396754,
    "mae_test": 0.4577572827030815,
    "r2_test": 0.5990918335018309
}