{
    "dataset": "589_fri_c2_1000_25",
    "algorithm": "BingoRegressor",
    "params": {
        "clo_alg": "lm",
        "crossover_prob": 0.4,
        "fitness_threshold": 1e-16,
        "generations": 1000000000000000019884624838656,
        "max_time": 180,
        "metric": "mae",
        "mutation_prob": 0.4,
        "operators": [
            "+",
            "-",
            "*",
            "/",
            "sin",
            "cos",
            "exp",
            "log"
        ],
        "parallel": false,
        "population_size": 500,
        "stack_size": 64,
        "use_simplification": true
    },
    "random_state": 23654,
    "process_time": 11955.569379585,
    "time_time": 11983.740755796432,
    "target_noise": 0.0,
    "feature_noise": 0.0,
    "model_size": 30,
    "symbolic_model": "(((X_1 - ((X_1)/(X_1)) + X_1 - ((X_1)/(X_1)) + cos(7867.572594))(-1.236915 - (X_20) - (X_3)))/(-363.251208))(-3.047341 + X_2 + X_12 + (-1.236915 - (X_20) - (X_3))((X_1)/(X_1) - (log((X_1 + X_4)(X_5)))))",
    "mse_train": 0.9410108788049165,
    "mae_train": 0.8043002929027911,
    "r2_train": 0.0712572043136428,
    "mse_test": 0.9107395575096134,
    "mae_test": 0.7895676070871229,
    "r2_test": 0.042924788955628346
}