{
    "dataset": "656_fri_c1_100_5",
    "algorithm": "BingoRegressor",
    "params": {
        "clo_alg": "lm",
        "crossover_prob": 0.4,
        "fitness_threshold": 1e-16,
        "generations": 1000000000000000019884624838656,
        "max_time": 180,
        "metric": "mae",
        "mutation_prob": 0.4,
        "operators": [
            "+",
            "-",
            "*",
            "/",
            "sin",
            "cos",
            "exp",
            "log"
        ],
        "parallel": false,
        "population_size": 100,
        "stack_size": 32,
        "use_simplification": true
    },
    "random_state": 23654,
    "process_time": 8875.698088667,
    "time_time": 8875.714024066925,
    "target_noise": 0.0,
    "feature_noise": 0.0,
    "model_size": 32,
    "symbolic_model": "((cos(sin(X_0) + log(-21588011144.160191 + X_3 + (exp(exp(X_0)))((exp(sin(X_0)))(X_1)) + X_4 - ((cos(X_1))(18242696775.540585) - (sin(exp(X_0) + cos(X_1)) + exp(X_0) + cos(X_1) + X_3)))))(sin(X_0)) - (0.256628))/(-0.524206)",
    "mse_train": 0.4315022962331337,
    "mae_train": 0.5126639294210513,
    "r2_train": 0.5570403323403933,
    "mse_test": 0.42657504712740996,
    "mae_test": 0.52804392438043,
    "r2_test": 0.5641929140965629
}