{
    "dataset": "537_houses",
    "algorithm": "BingoRegressor",
    "params": {
        "clo_alg": "lm",
        "crossover_prob": 0.4,
        "fitness_threshold": 1e-16,
        "generations": 1000000000000000019884624838656,
        "max_time": 180,
        "metric": "mae",
        "mutation_prob": 0.4,
        "operators": [
            "+",
            "-",
            "*",
            "/",
            "sin",
            "cos",
            "exp",
            "log"
        ],
        "parallel": false,
        "population_size": 100,
        "stack_size": 64,
        "use_simplification": true
    },
    "random_state": 23654,
    "process_time": 12004.698567847001,
    "time_time": 12004.756469726562,
    "target_noise": 0.0,
    "feature_noise": 0.0,
    "model_size": 21,
    "symbolic_model": "sin(((exp(exp(X_6)))/(exp(X_4)))/((sin(X_6) + (exp(exp(X_6)))/((X_6)/(X_7)))/(sin(X_6)) + -9053.631745 + ((exp(exp(X_6)))/((X_6)/(X_7)))(cos(log(exp(exp(X_6)) - (-9053.631745))))))",
    "mse_train": 13001841206.849657,
    "mae_train": 89375.93452363557,
    "r2_train": 0.019331931640469424,
    "mse_test": 12854344387.784052,
    "mae_test": 88356.41299387462,
    "r2_test": 0.02497828429317117
}