{
    "dataset": "666_rmftsa_ladata",
    "algorithm": "BingoRegressor",
    "params": {
        "clo_alg": "lm",
        "crossover_prob": 0.4,
        "fitness_threshold": 1e-16,
        "generations": 1000000000000000019884624838656,
        "max_time": 180,
        "metric": "mae",
        "mutation_prob": 0.4,
        "operators": [
            "+",
            "-",
            "*",
            "/",
            "sin",
            "cos",
            "exp",
            "log"
        ],
        "parallel": false,
        "population_size": 100,
        "stack_size": 32,
        "use_simplification": true
    },
    "random_state": 23654,
    "process_time": 11970.482970691999,
    "time_time": 11998.625698804855,
    "target_noise": 0.0,
    "feature_noise": 0.0,
    "model_size": 31,
    "symbolic_model": "(cos(758.668033 + (X_6)(X_6)))((sin(X_0) + (((4615.422302)((((X_6)(X_6))/(exp(X_6)))((758.668033)/((X_6)(X_6)))))/(X_9 + X_8))/(X_0) - (X_0) - ((((4615.422302)((((X_6)(X_6))/(exp(X_6)))((758.668033)/((X_6)(X_6)))))/(X_9 + X_8))/(X_0)))(((cos(758.668033))/(cos((((4615.422302)((((X_6)(X_6))/(exp(X_6)))((758.668033)/((X_6)(X_6)))))/(X_9 + X_8))/(X_0))))(X_3) - (exp((X_6)/(758.668033)))))",
    "mse_train": 4.808760387099589,
    "mae_train": 1.5953994017697353,
    "r2_train": 0.4205862070131242,
    "mse_test": 6.2725648799959375,
    "mae_test": 1.7558848827543514,
    "r2_test": 0.2062324204685776
}