{
    "dataset": "207_autoPrice",
    "algorithm": "BingoRegressor",
    "params": {
        "clo_alg": "lm",
        "crossover_prob": 0.4,
        "fitness_threshold": 1e-16,
        "generations": 1000000000000000019884624838656,
        "max_time": 180,
        "metric": "mae",
        "mutation_prob": 0.4,
        "operators": [
            "+",
            "-",
            "*",
            "/",
            "sin",
            "cos",
            "exp",
            "log"
        ],
        "parallel": false,
        "population_size": 500,
        "stack_size": 64,
        "use_simplification": true
    },
    "random_state": 23654,
    "process_time": 11815.960989729001,
    "time_time": 11843.717048168182,
    "target_noise": 0.0,
    "feature_noise": 0.0,
    "model_size": 21,
    "symbolic_model": "X_6 - ((0.206387)(X_8 + cos(X_4 + (X_9)(X_9)) + (X_6)(cos(X_4)) + (sin(X_9))(X_2)))",
    "mse_train": 5730297.991604313,
    "mae_train": 1498.3696183752313,
    "r2_train": 0.8229448552013712,
    "mse_test": 5875260.809991693,
    "mae_test": 1582.0810475612166,
    "r2_test": 0.852884922333172
}