{
    "dataset": "588_fri_c4_1000_100",
    "algorithm": "BingoRegressor",
    "params": {
        "clo_alg": "lm",
        "crossover_prob": 0.4,
        "fitness_threshold": 1e-16,
        "generations": 1000000000000000019884624838656,
        "max_time": 180,
        "metric": "mae",
        "mutation_prob": 0.4,
        "operators": [
            "+",
            "-",
            "*",
            "/",
            "sin",
            "cos",
            "exp",
            "log"
        ],
        "parallel": false,
        "population_size": 100,
        "stack_size": 16,
        "use_simplification": true
    },
    "random_state": 23654,
    "process_time": 11970.534748762,
    "time_time": 11998.741389989853,
    "target_noise": 0.0,
    "feature_noise": 0.0,
    "model_size": 15,
    "symbolic_model": "(((X_44)(X_44) + X_40 + X_3)(0.001937))(exp(X_30 + X_3 + X_3) - ((X_30)/(X_30 + X_3 + X_3)))",
    "mse_train": 0.9521933666471183,
    "mae_train": 0.7651775531422359,
    "r2_train": 0.03768779126487909,
    "mse_test": 0.9889980906141652,
    "mae_test": 0.7824374169046796,
    "r2_test": 0.0375128656037258
}