{
    "dataset": "647_fri_c1_250_10",
    "algorithm": "BingoRegressor",
    "params": {
        "clo_alg": "lm",
        "crossover_prob": 0.4,
        "fitness_threshold": 1e-16,
        "generations": 1000000000000000019884624838656,
        "max_time": 180,
        "metric": "mae",
        "mutation_prob": 0.4,
        "operators": [
            "+",
            "-",
            "*",
            "/",
            "sin",
            "cos",
            "exp",
            "log"
        ],
        "parallel": false,
        "population_size": 100,
        "stack_size": 16,
        "use_simplification": true
    },
    "random_state": 23654,
    "process_time": 11958.692754899,
    "time_time": 11958.670050382614,
    "target_noise": 0.0,
    "feature_noise": 0.0,
    "model_size": 15,
    "symbolic_model": "((((sin(X_0))/(X_0))((X_7)(X_7) + X_9))(sin(X_3)) - (-0.305708))(0.080460)",
    "mse_train": 0.9562515117571939,
    "mae_train": 0.8124149361064001,
    "r2_train": 0.05392622057356378,
    "mse_test": 0.9720797383850642,
    "mae_test": 0.794785967523684,
    "r2_test": -0.021507117054029523
}