{
    "dataset": "1595_poker",
    "algorithm": "BingoRegressor",
    "params": {
        "clo_alg": "lm",
        "crossover_prob": 0.4,
        "fitness_threshold": 1e-16,
        "generations": 1000000000000000019884624838656,
        "max_time": 180,
        "metric": "mae",
        "mutation_prob": 0.4,
        "operators": [
            "+",
            "-",
            "*",
            "/",
            "sin",
            "cos",
            "exp",
            "log"
        ],
        "parallel": false,
        "population_size": 100,
        "stack_size": 16,
        "use_simplification": true
    },
    "random_state": 23654,
    "process_time": 11937.608859691001,
    "time_time": 11965.711162805557,
    "target_noise": 0.0,
    "feature_noise": 0.0,
    "model_size": 9,
    "symbolic_model": "sin(log(cos(sin((7412.582560)/(7412.582560))) - (7412.582560 + exp((7412.582560)/(7412.582560)))))",
    "mse_train": 0.7449961869957237,
    "mae_train": 0.6158000180332445,
    "r2_train": -0.2413631293263785,
    "mse_test": 0.7443152563089455,
    "mae_test": 0.618747870547641,
    "r2_test": -0.24505316587182224
}