{
    "dataset": "618_fri_c3_1000_50",
    "algorithm": "BingoRegressor",
    "params": {
        "clo_alg": "lm",
        "crossover_prob": 0.4,
        "fitness_threshold": 1e-16,
        "generations": 1000000000000000019884624838656,
        "max_time": 180,
        "metric": "mae",
        "mutation_prob": 0.4,
        "operators": [
            "+",
            "-",
            "*",
            "/",
            "sin",
            "cos",
            "exp",
            "log"
        ],
        "parallel": false,
        "population_size": 500,
        "stack_size": 16,
        "use_simplification": true
    },
    "random_state": 23654,
    "process_time": 11950.648006878,
    "time_time": 11978.69614481926,
    "target_noise": 0.0,
    "feature_noise": 0.0,
    "model_size": 15,
    "symbolic_model": "((X_17 + X_14 + X_14 - (cos(-2820.811780)) + exp((X_11)(X_37)))(0.001295))/(X_17)",
    "mse_train": 0.9724653140086348,
    "mae_train": 0.7723986235149,
    "r2_train": 0.007503870501685106,
    "mse_test": 1.0547376911110014,
    "mae_test": 0.8192079322525205,
    "r2_test": -0.0009969100841078493
}