{
    "dataset": "620_fri_c1_1000_25",
    "algorithm": "BingoRegressor",
    "params": {
        "clo_alg": "lm",
        "crossover_prob": 0.4,
        "fitness_threshold": 1e-16,
        "generations": 1000000000000000019884624838656,
        "max_time": 180,
        "metric": "mae",
        "mutation_prob": 0.4,
        "operators": [
            "+",
            "-",
            "*",
            "/",
            "sin",
            "cos",
            "exp",
            "log"
        ],
        "parallel": false,
        "population_size": 500,
        "stack_size": 16,
        "use_simplification": true
    },
    "random_state": 23654,
    "process_time": 11926.761766800999,
    "time_time": 11954.756947517395,
    "target_noise": 0.0,
    "feature_noise": 0.0,
    "model_size": 16,
    "symbolic_model": "((exp(X_3))((X_3)/((((X_3)/(log(X_3)))(X_3 + log(X_3)))(exp(X_16) + X_18) - (-153.147713))))(exp(X_16) + X_18)",
    "mse_train": 0.9897717464321097,
    "mae_train": 0.8113546217180952,
    "r2_train": 0.014773796932183614,
    "mse_test": 0.9762273995927424,
    "mae_test": 0.8131407055812594,
    "r2_test": 0.005297983588872457
}