{
    "dataset": "649_fri_c0_500_5",
    "algorithm": "BingoRegressor",
    "params": {
        "clo_alg": "lm",
        "crossover_prob": 0.4,
        "fitness_threshold": 1e-16,
        "generations": 1000000000000000019884624838656,
        "max_time": 180,
        "metric": "mae",
        "mutation_prob": 0.4,
        "operators": [
            "+",
            "-",
            "*",
            "/",
            "sin",
            "cos",
            "exp",
            "log"
        ],
        "parallel": false,
        "population_size": 500,
        "stack_size": 32,
        "use_simplification": true
    },
    "random_state": 23654,
    "process_time": 11971.390973921,
    "time_time": 11999.6008310318,
    "target_noise": 0.0,
    "feature_noise": 0.0,
    "model_size": 26,
    "symbolic_model": "(-0.232926 - (cos((-0.232926)(log(-0.232926)))) - (exp(X_3 + X_0)))((469.371557)(((cos(X_0))((cos(X_0))(X_3 + X_0 - ((-1.183436)(X_1)) + (-0.232926)(log(-0.232926)) - (0.237215))))/(-4342.107532)))",
    "mse_train": 0.6816657927444175,
    "mae_train": 0.6407053512468514,
    "r2_train": 0.3276083963718809,
    "mse_test": 0.5823525617082219,
    "mae_test": 0.5911750481843651,
    "r2_test": 0.3871637594548082
}