{
    "dataset": "230_machine_cpu",
    "algorithm": "BingoRegressor",
    "params": {
        "clo_alg": "lm",
        "crossover_prob": 0.4,
        "fitness_threshold": 1e-16,
        "generations": 1000000000000000019884624838656,
        "max_time": 180,
        "metric": "mae",
        "mutation_prob": 0.4,
        "operators": [
            "+",
            "-",
            "*",
            "/",
            "sin",
            "cos",
            "exp",
            "log"
        ],
        "parallel": false,
        "population_size": 100,
        "stack_size": 16,
        "use_simplification": true
    },
    "random_state": 23654,
    "process_time": 11702.653585957,
    "time_time": 11730.119184494019,
    "target_noise": 0.0,
    "feature_noise": 0.0,
    "model_size": 16,
    "symbolic_model": "(X_3)/(exp((exp(X_3) + X_1 + sin(X_3) + X_4)/(exp(X_1 - (exp(X_3)) - (exp(X_3) + X_1 + sin(X_3) + X_4)))) + cos(exp(X_3)))",
    "mse_train": 26000.889446768204,
    "mae_train": 63.36378218150441,
    "r2_train": 0.12137229808246519,
    "mse_test": 10398.618387603614,
    "mae_test": 48.28983517256224,
    "r2_test": 0.24232388242531555
}