{
    "dataset": "631_fri_c1_500_5",
    "algorithm": "BingoRegressor",
    "params": {
        "clo_alg": "lm",
        "crossover_prob": 0.4,
        "fitness_threshold": 1e-16,
        "generations": 1000000000000000019884624838656,
        "max_time": 180,
        "metric": "mae",
        "mutation_prob": 0.4,
        "operators": [
            "+",
            "-",
            "*",
            "/",
            "sin",
            "cos",
            "exp",
            "log"
        ],
        "parallel": false,
        "population_size": 2500,
        "stack_size": 32,
        "use_simplification": true
    },
    "random_state": 23654,
    "process_time": 11994.206179063001,
    "time_time": 12022.486637592316,
    "target_noise": 0.0,
    "feature_noise": 0.0,
    "model_size": 22,
    "symbolic_model": "((sin(log(sin(X_1))))((X_1)(X_1 - ((log(sin(X_1)))/(-1608446002.599379) - (-1.249908) + X_0)) + 0.063283))((log(sin(X_1)))(0.430744) - (sin(-8058.164343)))",
    "mse_train": 0.8782540296641278,
    "mae_train": 0.7606822688696099,
    "r2_train": 0.08278625102039305,
    "mse_test": 1.0268728862856797,
    "mae_test": 0.8078057886001632,
    "r2_test": 0.08055154413223731
}