{
    "dataset": "623_fri_c4_1000_10",
    "algorithm": "BingoRegressor",
    "params": {
        "clo_alg": "lm",
        "crossover_prob": 0.4,
        "fitness_threshold": 1e-16,
        "generations": 1000000000000000019884624838656,
        "max_time": 180,
        "metric": "mae",
        "mutation_prob": 0.4,
        "operators": [
            "+",
            "-",
            "*",
            "/",
            "sin",
            "cos",
            "exp",
            "log"
        ],
        "parallel": false,
        "population_size": 500,
        "stack_size": 16,
        "use_simplification": true
    },
    "random_state": 23654,
    "process_time": 11952.541639933,
    "time_time": 11980.607783555984,
    "target_noise": 0.0,
    "feature_noise": 0.0,
    "model_size": 5,
    "symbolic_model": "cos(exp(X_1) + X_0)",
    "mse_train": 0.5200349714082185,
    "mae_train": 0.5627789555890835,
    "r2_train": 0.4809184441185539,
    "mse_test": 0.532709877761778,
    "mae_test": 0.5899572240560228,
    "r2_test": 0.4608098008493746
}