{
    "dataset": "612_fri_c1_1000_5",
    "algorithm": "BingoRegressor",
    "params": {
        "clo_alg": "lm",
        "crossover_prob": 0.4,
        "fitness_threshold": 1e-16,
        "generations": 1000000000000000019884624838656,
        "max_time": 180,
        "metric": "mae",
        "mutation_prob": 0.4,
        "operators": [
            "+",
            "-",
            "*",
            "/",
            "sin",
            "cos",
            "exp",
            "log"
        ],
        "parallel": false,
        "population_size": 100,
        "stack_size": 32,
        "use_simplification": true
    },
    "random_state": 23654,
    "process_time": 11943.762881657,
    "time_time": 11971.915064811707,
    "target_noise": 0.0,
    "feature_noise": 0.0,
    "model_size": 25,
    "symbolic_model": "((-421.843524 - (-421.930317))((X_1 - ((12.285720)(exp(sin(X_1 + X_0))) - (X_4)) + 15.661328 + X_0)/(X_4) + exp(X_3)))(X_4)",
    "mse_train": 0.32313643549981735,
    "mae_train": 0.4600019366416156,
    "r2_train": 0.6839033902408066,
    "mse_test": 0.2911942435508495,
    "mae_test": 0.4331780506506572,
    "r2_test": 0.6864748252556838
}