{
    "dataset": "654_fri_c0_500_10",
    "algorithm": "BingoRegressor",
    "params": {
        "clo_alg": "lm",
        "crossover_prob": 0.4,
        "fitness_threshold": 1e-16,
        "generations": 1000000000000000019884624838656,
        "max_time": 180,
        "metric": "mae",
        "mutation_prob": 0.4,
        "operators": [
            "+",
            "-",
            "*",
            "/",
            "sin",
            "cos",
            "exp",
            "log"
        ],
        "parallel": false,
        "population_size": 500,
        "stack_size": 16,
        "use_simplification": true
    },
    "random_state": 23654,
    "process_time": 11960.74919081,
    "time_time": 11960.724806547165,
    "target_noise": 0.0,
    "feature_noise": 0.0,
    "model_size": 15,
    "symbolic_model": "((sin(0.009638))((X_5 - (exp(X_9)))(X_5 - (exp(X_9)))))(X_0 + X_3) + (-0.068853)(-0.068853)",
    "mse_train": 0.9477879294126206,
    "mae_train": 0.7895010320209686,
    "r2_train": 0.08497156731837685,
    "mse_test": 0.8336063360395697,
    "mae_test": 0.7561428821698556,
    "r2_test": 0.057114341885906805
}