{
    "dataset": "712_chscase_geyser1",
    "algorithm": "BingoRegressor",
    "params": {
        "clo_alg": "lm",
        "crossover_prob": 0.4,
        "fitness_threshold": 1e-16,
        "generations": 1000000000000000019884624838656,
        "max_time": 180,
        "metric": "mae",
        "mutation_prob": 0.4,
        "operators": [
            "+",
            "-",
            "*",
            "/",
            "sin",
            "cos",
            "exp",
            "log"
        ],
        "parallel": false,
        "population_size": 100,
        "stack_size": 16,
        "use_simplification": true
    },
    "random_state": 23654,
    "process_time": 11765.586539112,
    "time_time": 11793.355699300766,
    "target_noise": 0.0,
    "feature_noise": 0.0,
    "model_size": 9,
    "symbolic_model": "(exp(log(X_1)) + X_1 + 0.184912)(0.825141) - (exp(log(X_1)))",
    "mse_train": 32.52482436873151,
    "mae_train": 4.559180675211547,
    "r2_train": 0.7926288754381925,
    "mse_test": 45.61994528745471,
    "mae_test": 5.508095425088582,
    "r2_test": 0.7465697773445372
}