{
    "dataset": "542_pollution",
    "algorithm": "BingoRegressor",
    "params": {
        "clo_alg": "lm",
        "crossover_prob": 0.4,
        "fitness_threshold": 1e-16,
        "generations": 1000000000000000019884624838656,
        "max_time": 180,
        "metric": "mae",
        "mutation_prob": 0.4,
        "operators": [
            "+",
            "-",
            "*",
            "/",
            "sin",
            "cos",
            "exp",
            "log"
        ],
        "parallel": false,
        "population_size": 100,
        "stack_size": 32,
        "use_simplification": true
    },
    "random_state": 23654,
    "process_time": 10023.594825384,
    "time_time": 10023.650284290314,
    "target_noise": 0.0,
    "feature_noise": 0.0,
    "model_size": 31,
    "symbolic_model": "((X_8 - (X_5) + ((X_4)((X_4)(X_4)))(0.227328) + (-6678.348466 - (-6678.348466 + -6678.348466))(-405.807394) + X_8 - (X_5) + ((X_4)((X_4)(X_4)))(0.227328) + (-6678.348466 - (-6678.348466 + -6678.348466))(-405.807394) + 5420244.333679)(0.064134) - (X_14 + -3127.602827 - (X_14 + -3127.602827)))/(exp(X_7)) + 0.160547",
    "mse_train": 2237.4859179267983,
    "mae_train": 32.50185936801261,
    "r2_train": 0.41552490278014376,
    "mse_test": 2111.585980006961,
    "mae_test": 39.71790698226001,
    "r2_test": 0.4340793202324129
}