{
    "dataset": "626_fri_c2_500_50",
    "algorithm": "BingoRegressor",
    "params": {
        "clo_alg": "lm",
        "crossover_prob": 0.4,
        "fitness_threshold": 1e-16,
        "generations": 1000000000000000019884624838656,
        "max_time": 180,
        "metric": "mae",
        "mutation_prob": 0.4,
        "operators": [
            "+",
            "-",
            "*",
            "/",
            "sin",
            "cos",
            "exp",
            "log"
        ],
        "parallel": false,
        "population_size": 500,
        "stack_size": 64,
        "use_simplification": true
    },
    "random_state": 23654,
    "process_time": 12001.189602558,
    "time_time": 12001.181643724442,
    "target_noise": 0.0,
    "feature_noise": 0.0,
    "model_size": 22,
    "symbolic_model": "(sin(X_1) + (-0.047145)(X_40) + (X_1)/(X_1))/(exp(exp(sin(X_1) + (-0.047145)(X_40) + (X_1)/(X_1)) + sin((X_19)/((X_40)(X_40) - (sin(X_9 + X_1)))) + X_40))",
    "mse_train": 0.9574942148064407,
    "mae_train": 0.7845792955792837,
    "r2_train": 0.06334362256771353,
    "mse_test": 0.8900654968534503,
    "mae_test": 0.7673315544028724,
    "r2_test": 0.029155001335741226
}