{
    "dataset": "593_fri_c1_1000_10",
    "algorithm": "BingoRegressor",
    "params": {
        "clo_alg": "lm",
        "crossover_prob": 0.4,
        "fitness_threshold": 1e-16,
        "generations": 1000000000000000019884624838656,
        "max_time": 180,
        "metric": "mae",
        "mutation_prob": 0.4,
        "operators": [
            "+",
            "-",
            "*",
            "/",
            "sin",
            "cos",
            "exp",
            "log"
        ],
        "parallel": false,
        "population_size": 2500,
        "stack_size": 16,
        "use_simplification": true
    },
    "random_state": 23654,
    "process_time": 11990.911782226,
    "time_time": 11990.94262290001,
    "target_noise": 0.0,
    "feature_noise": 0.0,
    "model_size": 11,
    "symbolic_model": "(X_4)((cos(X_4) - (cos(X_3)))((-0.015171)(X_3)) - (-0.008134))",
    "mse_train": 1.0290829334520606,
    "mae_train": 0.8372329131619607,
    "r2_train": 0.0026304995090197236,
    "mse_test": 0.8991952866943214,
    "mae_test": 0.7893706327802178,
    "r2_test": -0.0034187394281466332
}