{
    "dataset": "653_fri_c0_250_25",
    "algorithm": "BingoRegressor",
    "params": {
        "clo_alg": "lm",
        "crossover_prob": 0.4,
        "fitness_threshold": 1e-16,
        "generations": 1000000000000000019884624838656,
        "max_time": 180,
        "metric": "mae",
        "mutation_prob": 0.4,
        "operators": [
            "+",
            "-",
            "*",
            "/",
            "sin",
            "cos",
            "exp",
            "log"
        ],
        "parallel": false,
        "population_size": 100,
        "stack_size": 16,
        "use_simplification": true
    },
    "random_state": 23654,
    "process_time": 11962.582621146,
    "time_time": 11962.55222082138,
    "target_noise": 0.0,
    "feature_noise": 0.0,
    "model_size": 14,
    "symbolic_model": "(0.068455)(X_9 + X_4 + X_3 - ((X_9 + X_4)(X_4)) + X_0 + X_1 + X_9 + X_4)",
    "mse_train": 0.7174514013027785,
    "mae_train": 0.6356579077399046,
    "r2_train": 0.28533562242669896,
    "mse_test": 0.8097249698446615,
    "mae_test": 0.7117625009495222,
    "r2_test": 0.14484243205516956
}