{
    "dataset": "611_fri_c3_100_5",
    "algorithm": "BingoRegressor",
    "params": {
        "clo_alg": "lm",
        "crossover_prob": 0.4,
        "fitness_threshold": 1e-16,
        "generations": 1000000000000000019884624838656,
        "max_time": 180,
        "metric": "mae",
        "mutation_prob": 0.4,
        "operators": [
            "+",
            "-",
            "*",
            "/",
            "sin",
            "cos",
            "exp",
            "log"
        ],
        "parallel": false,
        "population_size": 100,
        "stack_size": 32,
        "use_simplification": true
    },
    "random_state": 23654,
    "process_time": 8957.630524036,
    "time_time": 8957.666520357132,
    "target_noise": 0.0,
    "feature_noise": 0.0,
    "model_size": 32,
    "symbolic_model": "((X_1 + X_1 - (X_1 - (sin(X_1 + X_1))) + X_0 + X_1 + X_1 - (X_1 - (sin(X_1 + X_1))) - (X_1 - (sin(X_1 + X_1))))(log(X_1) - ((1866.357004 - (1866.357004))(2575.272478) - (sin(266722.766226 + 7427.288457 + 7427.288457 - (X_0 + (1866.357004 - (1866.357004))(2575.272478)) - (263716.117013)))) - (-0.034188)) + X_3)(0.091108)",
    "mse_train": 0.5507184515002163,
    "mae_train": 0.5219419240312669,
    "r2_train": 0.40563654323804244,
    "mse_test": 0.6708142656127909,
    "mae_test": 0.6242675293460475,
    "r2_test": 0.40112845372437456
}