{
    "dataset": "banana",
    "algorithm": "BingoRegressor",
    "params": {
        "clo_alg": "lm",
        "crossover_prob": 0.4,
        "fitness_threshold": 1e-16,
        "generations": 1000000000000000019884624838656,
        "max_time": 180,
        "metric": "mae",
        "mutation_prob": 0.4,
        "operators": [
            "+",
            "-",
            "*",
            "/",
            "sin",
            "cos",
            "exp",
            "log"
        ],
        "parallel": false,
        "population_size": 500,
        "stack_size": 32,
        "use_simplification": true
    },
    "random_state": 23654,
    "process_time": 11987.225947177001,
    "time_time": 12015.388054609299,
    "target_noise": 0.0,
    "feature_noise": 0.0,
    "model_size": 17,
    "symbolic_model": "(cos(X_1 - (8234.219025) + X_1 + (X_0)(X_0 - (cos(-5257.815116))) + X_0))/(-0.981112)",
    "mse_train": 0.4441031438496475,
    "mae_train": 0.4586046488804824,
    "r2_train": 0.549842159297286,
    "mse_test": 0.45520158076756373,
    "mae_test": 0.47366015650178195,
    "r2_test": 0.5428274178658727
}