{
    "dataset": "603_fri_c0_250_50",
    "algorithm": "BingoRegressor",
    "params": {
        "clo_alg": "lm",
        "crossover_prob": 0.4,
        "fitness_threshold": 1e-16,
        "generations": 1000000000000000019884624838656,
        "max_time": 180,
        "metric": "mae",
        "mutation_prob": 0.4,
        "operators": [
            "+",
            "-",
            "*",
            "/",
            "sin",
            "cos",
            "exp",
            "log"
        ],
        "parallel": false,
        "population_size": 500,
        "stack_size": 16,
        "use_simplification": true
    },
    "random_state": 23654,
    "process_time": 11976.772964907,
    "time_time": 12004.880054950714,
    "target_noise": 0.0,
    "feature_noise": 0.0,
    "model_size": 13,
    "symbolic_model": "((-168626.220946 - (-168626.182439))(sin(X_41)) - (0.009887))(exp(X_10) + 0.723766)",
    "mse_train": 1.0353816381259835,
    "mae_train": 0.8147912658060055,
    "r2_train": 0.0173549561786982,
    "mse_test": 0.8365089250165236,
    "mae_test": 0.720796007236399,
    "r2_test": -0.016296318529192444
}