{
    "dataset": "604_fri_c4_500_10",
    "algorithm": "BingoRegressor",
    "params": {
        "clo_alg": "lm",
        "crossover_prob": 0.4,
        "fitness_threshold": 1e-16,
        "generations": 1000000000000000019884624838656,
        "max_time": 180,
        "metric": "mae",
        "mutation_prob": 0.4,
        "operators": [
            "+",
            "-",
            "*",
            "/",
            "sin",
            "cos",
            "exp",
            "log"
        ],
        "parallel": false,
        "population_size": 500,
        "stack_size": 16,
        "use_simplification": true
    },
    "random_state": 23654,
    "process_time": 11936.718872884,
    "time_time": 11964.743736743927,
    "target_noise": 0.0,
    "feature_noise": 0.0,
    "model_size": 16,
    "symbolic_model": "((X_3 - (-2.146200) - ((X_1)/(0.371834)) + (X_3)((X_3)(0.371834) + (X_3)(0.371834) - (log(X_1))))((X_3)(0.371834) + (X_3)(0.371834) - (log(X_1))))(0.007787)",
    "mse_train": 0.9703994572793123,
    "mae_train": 0.7725864561490001,
    "r2_train": 0.03767106318204716,
    "mse_test": 0.9321176376805764,
    "mae_test": 0.7712938979770486,
    "r2_test": 0.03567965976930365
}