{
    "dataset": "617_fri_c3_500_5",
    "algorithm": "BingoRegressor",
    "params": {
        "clo_alg": "lm",
        "crossover_prob": 0.4,
        "fitness_threshold": 1e-16,
        "generations": 1000000000000000019884624838656,
        "max_time": 180,
        "metric": "mae",
        "mutation_prob": 0.4,
        "operators": [
            "+",
            "-",
            "*",
            "/",
            "sin",
            "cos",
            "exp",
            "log"
        ],
        "parallel": false,
        "population_size": 100,
        "stack_size": 32,
        "use_simplification": true
    },
    "random_state": 23654,
    "process_time": 11951.765951042,
    "time_time": 11979.831691026688,
    "target_noise": 0.0,
    "feature_noise": 0.0,
    "model_size": 25,
    "symbolic_model": "(0.247018 - (sin(X_1 + X_0) - (X_4 - (X_4))))((X_4 + ((X_4)(X_4))((X_4)(X_4)) + (((X_4)(X_4))((X_4)(X_4)))/(X_4) + ((X_4)(X_4))((X_4)(X_4)) - (((X_4)(X_4))((X_4)(X_4))) + -0.001318 + (X_4)(X_0))/(X_4 + ((X_4)(X_4))((X_4)(X_4)) + (((X_4)(X_4))((X_4)(X_4)))/(X_4) + ((X_4)(X_4))((X_4)(X_4)) - (((X_4)(X_4))((X_4)(X_4)))))",
    "mse_train": 0.4799485017871381,
    "mae_train": 0.5149806854833162,
    "r2_train": 0.5266749668163241,
    "mse_test": 0.4087453086132912,
    "mae_test": 0.5151084563023598,
    "r2_test": 0.56060308990725
}