{
    "dataset": "622_fri_c2_1000_50",
    "algorithm": "BingoRegressor",
    "params": {
        "clo_alg": "lm",
        "crossover_prob": 0.4,
        "fitness_threshold": 1e-16,
        "generations": 1000000000000000019884624838656,
        "max_time": 180,
        "metric": "mae",
        "mutation_prob": 0.4,
        "operators": [
            "+",
            "-",
            "*",
            "/",
            "sin",
            "cos",
            "exp",
            "log"
        ],
        "parallel": false,
        "population_size": 500,
        "stack_size": 16,
        "use_simplification": true
    },
    "random_state": 23654,
    "process_time": 11970.301274072,
    "time_time": 11970.296526193619,
    "target_noise": 0.0,
    "feature_noise": 0.0,
    "model_size": 4,
    "symbolic_model": "cos(exp(X_1) + X_1)",
    "mse_train": 0.5150955531337805,
    "mae_train": 0.539177093656558,
    "r2_train": 0.48766552312802547,
    "mse_test": 0.5518725056793892,
    "mae_test": 0.550151883084699,
    "r2_test": 0.43671374948324315
}