{
    "dataset": "1193_BNG_lowbwt",
    "algorithm": "BingoRegressor",
    "params": {
        "clo_alg": "lm",
        "crossover_prob": 0.4,
        "fitness_threshold": 1e-16,
        "generations": 1000000000000000019884624838656,
        "max_time": 180,
        "metric": "mae",
        "mutation_prob": 0.4,
        "operators": [
            "+",
            "-",
            "*",
            "/",
            "sin",
            "cos",
            "exp",
            "log"
        ],
        "parallel": false,
        "population_size": 2500,
        "stack_size": 16,
        "use_simplification": true
    },
    "random_state": 23654,
    "process_time": 12043.901116535,
    "time_time": 12072.276574373245,
    "target_noise": 0.0,
    "feature_noise": 0.0,
    "model_size": 7,
    "symbolic_model": "(sin(exp(-5016.884384 - (-5016.884384)) - (-5016.884384)))(X_0)",
    "mse_train": 246264.76943501201,
    "mae_train": 402.76623516904147,
    "r2_train": 0.5355682100688319,
    "mse_test": 245701.54142725142,
    "mae_test": 404.54831101016873,
    "r2_test": 0.5350120636405555
}