{
    "dataset": "637_fri_c1_500_50",
    "algorithm": "BingoRegressor",
    "params": {
        "clo_alg": "lm",
        "crossover_prob": 0.4,
        "fitness_threshold": 1e-16,
        "generations": 1000000000000000019884624838656,
        "max_time": 180,
        "metric": "mae",
        "mutation_prob": 0.4,
        "operators": [
            "+",
            "-",
            "*",
            "/",
            "sin",
            "cos",
            "exp",
            "log"
        ],
        "parallel": false,
        "population_size": 2500,
        "stack_size": 16,
        "use_simplification": true
    },
    "random_state": 23654,
    "process_time": 12011.209881786,
    "time_time": 12039.400204896927,
    "target_noise": 0.0,
    "feature_noise": 0.0,
    "model_size": 8,
    "symbolic_model": "sin((exp(sin(sin(X_1))))(cos(exp(X_1))))",
    "mse_train": 0.6154701165574409,
    "mae_train": 0.6234877137597699,
    "r2_train": 0.3976640795821409,
    "mse_test": 0.5609227864356092,
    "mae_test": 0.5987672688167561,
    "r2_test": 0.38233932827728023
}