{
    "dataset": "648_fri_c1_250_50",
    "algorithm": "BingoRegressor",
    "params": {
        "clo_alg": "lm",
        "crossover_prob": 0.4,
        "fitness_threshold": 1e-16,
        "generations": 1000000000000000019884624838656,
        "max_time": 180,
        "metric": "mae",
        "mutation_prob": 0.4,
        "operators": [
            "+",
            "-",
            "*",
            "/",
            "sin",
            "cos",
            "exp",
            "log"
        ],
        "parallel": false,
        "population_size": 500,
        "stack_size": 16,
        "use_simplification": true
    },
    "random_state": 23654,
    "process_time": 11948.728384086,
    "time_time": 11976.8785572052,
    "target_noise": 0.0,
    "feature_noise": 0.0,
    "model_size": 15,
    "symbolic_model": "(sin(sin(X_1) + sin(X_1)) - (sin(X_1)))(log((-0.655913)(X_13)) - (sin((sin(X_1))/(sin(sin(X_1) + sin(X_1)) - (sin(X_1)))))) - (-0.000287)",
    "mse_train": 0.7177308773187292,
    "mae_train": 0.6870650915045401,
    "r2_train": 0.2769853986687095,
    "mse_test": 0.8423547956799964,
    "mae_test": 0.719989024242161,
    "r2_test": 0.15284636181780797
}