{
    "dataset": "594_fri_c2_100_5",
    "algorithm": "BingoRegressor",
    "params": {
        "clo_alg": "lm",
        "crossover_prob": 0.4,
        "fitness_threshold": 1e-16,
        "generations": 1000000000000000019884624838656,
        "max_time": 180,
        "metric": "mae",
        "mutation_prob": 0.4,
        "operators": [
            "+",
            "-",
            "*",
            "/",
            "sin",
            "cos",
            "exp",
            "log"
        ],
        "parallel": false,
        "population_size": 100,
        "stack_size": 32,
        "use_simplification": true
    },
    "random_state": 23654,
    "process_time": 8844.961281848,
    "time_time": 8865.794934988022,
    "target_noise": 0.0,
    "feature_noise": 0.0,
    "model_size": 31,
    "symbolic_model": "(exp(cos(log((-28426.173460 + (X_3)(X_4) + ((-28783.564569)(X_4) + 8542.538248)(X_0))/(X_0) - (X_3))) + sin(X_4) - (X_2) + X_3) + -0.391281)(0.135810)",
    "mse_train": 0.7972239295532904,
    "mae_train": 0.6282099479985161,
    "r2_train": 0.17041214862058562,
    "mse_test": 0.9622808416582365,
    "mae_test": 0.7763066961394167,
    "r2_test": 0.09876997408326216
}