{
    "dataset": "645_fri_c3_500_50",
    "algorithm": "BingoRegressor",
    "params": {
        "clo_alg": "lm",
        "crossover_prob": 0.4,
        "fitness_threshold": 1e-16,
        "generations": 1000000000000000019884624838656,
        "max_time": 180,
        "metric": "mae",
        "mutation_prob": 0.4,
        "operators": [
            "+",
            "-",
            "*",
            "/",
            "sin",
            "cos",
            "exp",
            "log"
        ],
        "parallel": false,
        "population_size": 500,
        "stack_size": 16,
        "use_simplification": true
    },
    "random_state": 23654,
    "process_time": 11948.663513204001,
    "time_time": 11976.814174890518,
    "target_noise": 0.0,
    "feature_noise": 0.0,
    "model_size": 16,
    "symbolic_model": "((X_20 + -4.453519 + X_20 + X_20 - (X_24 + (X_24)/(X_20 + X_20)) + X_31)/(-168.467976))/(exp(X_27))",
    "mse_train": 1.0136565004588838,
    "mae_train": 0.767576819882043,
    "r2_train": -0.0032839586401449683,
    "mse_test": 0.9394444315441312,
    "mae_test": 0.7674382675752659,
    "r2_test": 0.022391894818007962
}