{
    "dataset": "1191_BNG_pbc",
    "algorithm": "BingoRegressor",
    "params": {
        "clo_alg": "lm",
        "crossover_prob": 0.4,
        "fitness_threshold": 1e-16,
        "generations": 1000000000000000019884624838656,
        "max_time": 180,
        "metric": "mae",
        "mutation_prob": 0.4,
        "operators": [
            "+",
            "-",
            "*",
            "/",
            "sin",
            "cos",
            "exp",
            "log"
        ],
        "parallel": false,
        "population_size": 2500,
        "stack_size": 16,
        "use_simplification": true
    },
    "random_state": 23654,
    "process_time": 12047.940450981,
    "time_time": 12047.931191682816,
    "target_noise": 0.0,
    "feature_noise": 0.0,
    "model_size": 5,
    "symbolic_model": "(0.365336)(X_10 - (X_8))",
    "mse_train": 990834.4219634153,
    "mae_train": 802.478975114801,
    "r2_train": 0.18665979934746024,
    "mse_test": 999867.8810955479,
    "mae_test": 805.2361139488189,
    "r2_test": 0.17884529847133546
}