{
    "dataset": "615_fri_c4_250_10",
    "algorithm": "BingoRegressor",
    "params": {
        "clo_alg": "lm",
        "crossover_prob": 0.4,
        "fitness_threshold": 1e-16,
        "generations": 1000000000000000019884624838656,
        "max_time": 180,
        "metric": "mae",
        "mutation_prob": 0.4,
        "operators": [
            "+",
            "-",
            "*",
            "/",
            "sin",
            "cos",
            "exp",
            "log"
        ],
        "parallel": false,
        "population_size": 100,
        "stack_size": 32,
        "use_simplification": true
    },
    "random_state": 23654,
    "process_time": 11969.363128347999,
    "time_time": 11969.348125219345,
    "target_noise": 0.0,
    "feature_noise": 0.0,
    "model_size": 26,
    "symbolic_model": "(-0.004832)(X_6 - (cos(-0.004832) + ((-0.004832 - (cos(-0.004832)))(-0.004832 - (cos(-0.004832))))((-0.004832 - (cos(-0.004832)))(-0.004832 - (cos(-0.004832)))) + exp(X_0 + X_4 - (X_7))) + ((-1.926260 - (X_6))/(-1.027296 + cos(((-0.004832 - (cos(-0.004832)))(-0.004832 - (cos(-0.004832))))((-0.004832 - (cos(-0.004832)))(-0.004832 - (cos(-0.004832)))) + exp(X_0 + X_4 - (X_7)))))(1.587766))",
    "mse_train": 0.9361703922727059,
    "mae_train": 0.7427716290751106,
    "r2_train": 0.1285854271223208,
    "mse_test": 0.7240377097893884,
    "mae_test": 0.652762249341698,
    "r2_test": 0.0022157251963473845
}