{
    "dataset": "590_fri_c0_1000_50",
    "algorithm": "BingoRegressor",
    "params": {
        "clo_alg": "lm",
        "crossover_prob": 0.4,
        "fitness_threshold": 1e-16,
        "generations": 1000000000000000019884624838656,
        "max_time": 180,
        "metric": "mae",
        "mutation_prob": 0.4,
        "operators": [
            "+",
            "-",
            "*",
            "/",
            "sin",
            "cos",
            "exp",
            "log"
        ],
        "parallel": false,
        "population_size": 500,
        "stack_size": 16,
        "use_simplification": true
    },
    "random_state": 23654,
    "process_time": 11948.583279602,
    "time_time": 11976.666855812073,
    "target_noise": 0.0,
    "feature_noise": 0.0,
    "model_size": 7,
    "symbolic_model": "(sin(log(-12391.647781)) - (X_3))(-0.564370)",
    "mse_train": 0.6886785263958062,
    "mae_train": 0.6862370304647343,
    "r2_train": 0.31851358590473666,
    "mse_test": 0.603059587591338,
    "mae_test": 0.6587714156035086,
    "r2_test": 0.37252761859563044
}