{
    "dataset": "1027_ESL",
    "algorithm": "BingoRegressor",
    "params": {
        "clo_alg": "lm",
        "crossover_prob": 0.4,
        "fitness_threshold": 1e-16,
        "generations": 1000000000000000019884624838656,
        "max_time": 180,
        "metric": "mae",
        "mutation_prob": 0.4,
        "operators": [
            "+",
            "-",
            "*",
            "/",
            "sin",
            "cos",
            "exp",
            "log"
        ],
        "parallel": false,
        "population_size": 100,
        "stack_size": 16,
        "use_simplification": true
    },
    "random_state": 23654,
    "process_time": 11989.609506478,
    "time_time": 11989.597530603409,
    "target_noise": 0.0,
    "feature_noise": 0.0,
    "model_size": 16,
    "symbolic_model": "(X_3 + -0.350283 + X_1 + X_2 + X_3 + -0.350283 + X_1 + X_2 + X_2 + log(X_3 + -0.350283 + X_1 + X_2))/(9.576702 - (log(X_1 + X_2)))",
    "mse_train": 0.4698193763218948,
    "mae_train": 0.5173989420093228,
    "r2_train": 0.7672758576235608,
    "mse_test": 0.5390977024417445,
    "mae_test": 0.5396115649834219,
    "r2_test": 0.7312456389622546
}