{
    "dataset": "606_fri_c2_1000_10",
    "algorithm": "BingoRegressor",
    "params": {
        "clo_alg": "lm",
        "crossover_prob": 0.4,
        "fitness_threshold": 1e-16,
        "generations": 1000000000000000019884624838656,
        "max_time": 180,
        "metric": "mae",
        "mutation_prob": 0.4,
        "operators": [
            "+",
            "-",
            "*",
            "/",
            "sin",
            "cos",
            "exp",
            "log"
        ],
        "parallel": false,
        "population_size": 100,
        "stack_size": 16,
        "use_simplification": true
    },
    "random_state": 23654,
    "process_time": 11960.846741642,
    "time_time": 11989.019301891327,
    "target_noise": 0.0,
    "feature_noise": 0.0,
    "model_size": 15,
    "symbolic_model": "((0.042009)(cos(log(((X_1)(0.042009))(X_4))) + -1146.761312) + 48.213175)(exp(X_3))",
    "mse_train": 0.9966687197897568,
    "mae_train": 0.8133337947877315,
    "r2_train": 0.021698781126361033,
    "mse_test": 0.9192477858950758,
    "mae_test": 0.7842451864860362,
    "r2_test": 0.021662272656183368
}