{
    "dataset": "595_fri_c0_1000_10",
    "algorithm": "BingoRegressor",
    "params": {
        "clo_alg": "lm",
        "crossover_prob": 0.4,
        "fitness_threshold": 1e-16,
        "generations": 1000000000000000019884624838656,
        "max_time": 180,
        "metric": "mae",
        "mutation_prob": 0.4,
        "operators": [
            "+",
            "-",
            "*",
            "/",
            "sin",
            "cos",
            "exp",
            "log"
        ],
        "parallel": false,
        "population_size": 100,
        "stack_size": 32,
        "use_simplification": true
    },
    "random_state": 23654,
    "process_time": 11948.737209622,
    "time_time": 11976.837646722794,
    "target_noise": 0.0,
    "feature_noise": 0.0,
    "model_size": 32,
    "symbolic_model": "((0.004016 + ((1.353538)(X_0 - (exp(1.353538))))/(-420.124518 - (X_3)))((X_3 + X_3 - (X_3 - (X_3)) + X_4 - (cos(X_3 + X_3 - (X_3 - (X_3)))) + X_1 + X_0)(X_3 + X_3 + X_3 - (X_3 - (X_3)) + X_4 - (cos(X_3 + X_3 - (X_3 - (X_3)))) + X_1 + X_0 - (X_2) + -0.443343 + X_9)))(X_3)",
    "mse_train": 0.6927646753797887,
    "mae_train": 0.6861324051268765,
    "r2_train": 0.31942807513813565,
    "mse_test": 0.6710596395196542,
    "mae_test": 0.675398242324045,
    "r2_test": 0.28657238255796447
}