{
    "dataset": "560_bodyfat",
    "algorithm": "BingoRegressor",
    "params": {
        "clo_alg": "lm",
        "crossover_prob": 0.4,
        "fitness_threshold": 1e-16,
        "generations": 1000000000000000019884624838656,
        "max_time": 180,
        "metric": "mae",
        "mutation_prob": 0.4,
        "operators": [
            "+",
            "-",
            "*",
            "/",
            "sin",
            "cos",
            "exp",
            "log"
        ],
        "parallel": false,
        "population_size": 100,
        "stack_size": 32,
        "use_simplification": true
    },
    "random_state": 23654,
    "process_time": 11956.400168374,
    "time_time": 11984.555807828903,
    "target_noise": 0.0,
    "feature_noise": 0.0,
    "model_size": 28,
    "symbolic_model": "(cos(sin(X_3)))/(((X_3 - (log(3.903163)) - (cos(sin(X_3))))/(-0.005030))/(((X_7)/((X_7)/(X_7)))(X_7))) - (X_0 + 0.032660 - (X_7 - (X_7))) + (6940.811034)(X_3 - (log(3.903163)) + cos(sin(X_3))) - ((6940.811034)(X_3 - (log(3.903163)) + cos(sin(X_3))))",
    "mse_train": 0.6852968780760291,
    "mae_train": 0.2803228612258219,
    "r2_train": 0.9909271783197607,
    "mse_test": 0.04584436686225146,
    "mae_test": 0.14230251382863005,
    "r2_test": 0.9991248196540973
}