{
    "dataset": "522_pm10",
    "algorithm": "BingoRegressor",
    "params": {
        "clo_alg": "lm",
        "crossover_prob": 0.4,
        "fitness_threshold": 1e-16,
        "generations": 1000000000000000019884624838656,
        "max_time": 180,
        "metric": "mae",
        "mutation_prob": 0.4,
        "operators": [
            "+",
            "-",
            "*",
            "/",
            "sin",
            "cos",
            "exp",
            "log"
        ],
        "parallel": false,
        "population_size": 500,
        "stack_size": 16,
        "use_simplification": true
    },
    "random_state": 23654,
    "process_time": 11937.387936514999,
    "time_time": 11965.430736541748,
    "target_noise": 0.0,
    "feature_noise": 0.0,
    "model_size": 15,
    "symbolic_model": "(9692.217183 - ((9692.217183)/(((9692.217183)/(9692.217183))(X_3))) - (23134.181764 - (X_1)))/(-0.112895 - (9692.217183 - ((9692.217183)/(((9692.217183)/(9692.217183))(X_3))) - (23134.181764 - (X_1)))) - (-0.999577)",
    "mse_train": 0.7719238785952398,
    "mae_train": 0.6703882141959279,
    "r2_train": 0.0060721437731758865,
    "mse_test": 0.8112643647788915,
    "mae_test": 0.7062732559151866,
    "r2_test": -0.004481433939258261
}