{
    "dataset": "210_cloud",
    "algorithm": "BingoRegressor",
    "params": {
        "clo_alg": "lm",
        "crossover_prob": 0.4,
        "fitness_threshold": 1e-16,
        "generations": 1000000000000000019884624838656,
        "max_time": 180,
        "metric": "mae",
        "mutation_prob": 0.4,
        "operators": [
            "+",
            "-",
            "*",
            "/",
            "sin",
            "cos",
            "exp",
            "log"
        ],
        "parallel": false,
        "population_size": 2500,
        "stack_size": 64,
        "use_simplification": true
    },
    "random_state": 23654,
    "process_time": 8277.587315374,
    "time_time": 8297.06746172905,
    "target_noise": 0.0,
    "feature_noise": 0.0,
    "model_size": 31,
    "symbolic_model": "(log(-0.999796))((4762.685576 - ((X_2)/(X_2)) + ((-55026921.042584)/(-15083945.188977))(X_2) - ((cos(exp(X_2)))(-2.273943) - (X_3 - (4763.043889))))(-985.284674) + X_0 + exp(X_2) + cos((X_4)(X_4)))",
    "mse_train": 0.29833319432700955,
    "mae_train": 0.341026756950241,
    "r2_train": 0.6980267789915613,
    "mse_test": 0.1667913317498369,
    "mae_test": 0.2767651306287254,
    "r2_test": 0.889383896816749
}