{
    "dataset": "579_fri_c0_250_5",
    "algorithm": "BingoRegressor",
    "params": {
        "clo_alg": "lm",
        "crossover_prob": 0.4,
        "fitness_threshold": 1e-16,
        "generations": 1000000000000000019884624838656,
        "max_time": 180,
        "metric": "mae",
        "mutation_prob": 0.4,
        "operators": [
            "+",
            "-",
            "*",
            "/",
            "sin",
            "cos",
            "exp",
            "log"
        ],
        "parallel": false,
        "population_size": 500,
        "stack_size": 16,
        "use_simplification": true
    },
    "random_state": 23654,
    "process_time": 11963.798865667999,
    "time_time": 11992.043197870255,
    "target_noise": 0.0,
    "feature_noise": 0.0,
    "model_size": 16,
    "symbolic_model": "((sin((X_4)(4531.124332 + 4531.124332)) + -0.928466)/(4531.124332 + 4531.124332 + 4531.124332 + 4531.124332 - (169732.462827 - (X_3))))((X_4)(4531.124332 + 4531.124332)) + -0.003718",
    "mse_train": 0.9774215084986534,
    "mae_train": 0.8098864531506338,
    "r2_train": 0.05799813803012421,
    "mse_test": 0.8298735356192491,
    "mae_test": 0.7981127909539582,
    "r2_test": 0.04648757854397567
}