{
    "dataset": "195_auto_price",
    "algorithm": "BingoRegressor",
    "params": {
        "clo_alg": "lm",
        "crossover_prob": 0.4,
        "fitness_threshold": 1e-16,
        "generations": 1000000000000000019884624838656,
        "max_time": 180,
        "metric": "mae",
        "mutation_prob": 0.4,
        "operators": [
            "+",
            "-",
            "*",
            "/",
            "sin",
            "cos",
            "exp",
            "log"
        ],
        "parallel": false,
        "population_size": 100,
        "stack_size": 64,
        "use_simplification": true
    },
    "random_state": 23654,
    "process_time": 11581.970665432998,
    "time_time": 11609.191404104233,
    "target_noise": 0.0,
    "feature_noise": 0.0,
    "model_size": 63,
    "symbolic_model": "((X_4)/(X_4) - (X_6 + cos(X_8) - (cos(X_8)) + (((X_4)(X_4))(cos(log(X_4))) + X_6)(cos((X_5 + (((45191844.526157)/(((((X_4)(X_4))(cos(log(X_4))) + X_6 - (((X_4)(X_4))(cos(log(X_4))) + X_6 - (46457099.727211) + (X_5)/(X_10)) + X_1)/(45191844.526157))(X_2)))(exp(X_13 + (exp(X_4))/(log(X_11)))))/(((-43978122.572160)(exp((X_8)/(X_12))))((-43978122.572160)(exp((X_8)/(X_12))))))/((X_1)(cos((-9447.672501)/(X_3)))))) + X_4 - (-0.075000) + X_6))(-0.198262)",
    "mse_train": 8542932.735985503,
    "mae_train": 1695.635204518836,
    "r2_train": 0.7360398717848554,
    "mse_test": 19992656.40101211,
    "mae_test": 2378.7501842741813,
    "r2_test": 0.49938882811820917
}