{
    "dataset": "584_fri_c4_500_25",
    "algorithm": "BingoRegressor",
    "params": {
        "clo_alg": "lm",
        "crossover_prob": 0.4,
        "fitness_threshold": 1e-16,
        "generations": 1000000000000000019884624838656,
        "max_time": 180,
        "metric": "mae",
        "mutation_prob": 0.4,
        "operators": [
            "+",
            "-",
            "*",
            "/",
            "sin",
            "cos",
            "exp",
            "log"
        ],
        "parallel": false,
        "population_size": 100,
        "stack_size": 16,
        "use_simplification": true
    },
    "random_state": 23654,
    "process_time": 11988.234167405,
    "time_time": 11988.253292798996,
    "target_noise": 0.0,
    "feature_noise": 0.0,
    "model_size": 4,
    "symbolic_model": "cos(exp(X_1) + X_1)",
    "mse_train": 0.544046065050095,
    "mae_train": 0.5559026688928825,
    "r2_train": 0.4342858873498654,
    "mse_test": 0.6558504606785196,
    "mae_test": 0.6019197765758696,
    "r2_test": 0.3959312940049695
}