{
    "dataset": "592_fri_c4_1000_25",
    "algorithm": "BingoRegressor",
    "params": {
        "clo_alg": "lm",
        "crossover_prob": 0.4,
        "fitness_threshold": 1e-16,
        "generations": 1000000000000000019884624838656,
        "max_time": 180,
        "metric": "mae",
        "mutation_prob": 0.4,
        "operators": [
            "+",
            "-",
            "*",
            "/",
            "sin",
            "cos",
            "exp",
            "log"
        ],
        "parallel": false,
        "population_size": 500,
        "stack_size": 16,
        "use_simplification": true
    },
    "random_state": 23654,
    "process_time": 11993.470606468001,
    "time_time": 11993.527218341827,
    "target_noise": 0.0,
    "feature_noise": 0.0,
    "model_size": 16,
    "symbolic_model": "((((X_3)(0.005227))(exp(0.005227) - (X_0)))(exp(0.005227) - (X_0)))(exp(X_3) + X_10 - (X_13 + X_6))",
    "mse_train": 0.99554834046059,
    "mae_train": 0.7749929725517201,
    "r2_train": 0.016192035433537977,
    "mse_test": 0.9359606366098119,
    "mae_test": 0.7490981667511629,
    "r2_test": 0.02471627916675201
}