{
    "dataset": "596_fri_c2_250_5",
    "algorithm": "BingoRegressor",
    "params": {
        "clo_alg": "lm",
        "crossover_prob": 0.4,
        "fitness_threshold": 1e-16,
        "generations": 1000000000000000019884624838656,
        "max_time": 180,
        "metric": "mae",
        "mutation_prob": 0.4,
        "operators": [
            "+",
            "-",
            "*",
            "/",
            "sin",
            "cos",
            "exp",
            "log"
        ],
        "parallel": false,
        "population_size": 100,
        "stack_size": 32,
        "use_simplification": true
    },
    "random_state": 23654,
    "process_time": 11816.691675827,
    "time_time": 11844.445901632309,
    "target_noise": 0.0,
    "feature_noise": 0.0,
    "model_size": 31,
    "symbolic_model": "(-0.049492)(((X_1 + X_1 + sin(X_1))(exp((cos((X_1 + X_1 + sin(X_1))/(sin(X_1))))(X_2 - (X_3 + log(-24.915860))))) - (log(-2618385.290628)) - (-428.994581))(0.043007) + exp(sin(X_1 + X_1 + sin(X_1))) - (X_3) + -19.237469)",
    "mse_train": 0.751171252460565,
    "mae_train": 0.6961396158820967,
    "r2_train": 0.2212947361210158,
    "mse_test": 0.8645800867591691,
    "mae_test": 0.7607630204612789,
    "r2_test": 0.20338553991599673
}