{
    "dataset": "597_fri_c2_500_5",
    "algorithm": "BingoRegressor",
    "params": {
        "clo_alg": "lm",
        "crossover_prob": 0.4,
        "fitness_threshold": 1e-16,
        "generations": 1000000000000000019884624838656,
        "max_time": 180,
        "metric": "mae",
        "mutation_prob": 0.4,
        "operators": [
            "+",
            "-",
            "*",
            "/",
            "sin",
            "cos",
            "exp",
            "log"
        ],
        "parallel": false,
        "population_size": 500,
        "stack_size": 64,
        "use_simplification": true
    },
    "random_state": 23654,
    "process_time": 12001.797151298999,
    "time_time": 12030.094534158707,
    "target_noise": 0.0,
    "feature_noise": 0.0,
    "model_size": 36,
    "symbolic_model": "sin((cos((cos(exp(sin(-2827.457835 - (X_1)))))(sin((log(X_4))(log(X_1) - (X_3 - (X_3)))))) + cos(X_3 + X_1 - (-9700.482736)))((((cos(X_0))(X_1))(cos((cos(exp(sin(-2827.457835 - (X_1)))))(sin((log(X_4))(log(X_1) - (X_3 - (X_3))))))) - (cos(5716.280939)))(sin(8347.935726))))",
    "mse_train": 0.5518030082760284,
    "mae_train": 0.5805237064241642,
    "r2_train": 0.4495110921262382,
    "mse_test": 0.5033446434325191,
    "mae_test": 0.5612879093697745,
    "r2_test": 0.4884464983010839
}