{
    "dataset": "608_fri_c3_1000_10",
    "algorithm": "BingoRegressor",
    "params": {
        "clo_alg": "lm",
        "crossover_prob": 0.4,
        "fitness_threshold": 1e-16,
        "generations": 1000000000000000019884624838656,
        "max_time": 180,
        "metric": "mae",
        "mutation_prob": 0.4,
        "operators": [
            "+",
            "-",
            "*",
            "/",
            "sin",
            "cos",
            "exp",
            "log"
        ],
        "parallel": false,
        "population_size": 2500,
        "stack_size": 16,
        "use_simplification": true
    },
    "random_state": 23654,
    "process_time": 12021.579101057001,
    "time_time": 12021.6053647995,
    "target_noise": 0.0,
    "feature_noise": 0.0,
    "model_size": 11,
    "symbolic_model": "((0.002624)(exp(X_3)))/(sin(301.853652) + (X_1)(X_1) + X_1)",
    "mse_train": 0.9622119294555782,
    "mae_train": 0.762067546785449,
    "r2_train": 0.05318183349924832,
    "mse_test": 0.8872098476128424,
    "mae_test": 0.7162939141327311,
    "r2_test": 0.05939081034582672
}