{
    "dataset": "591_fri_c1_100_10",
    "algorithm": "BingoRegressor",
    "params": {
        "clo_alg": "lm",
        "crossover_prob": 0.4,
        "fitness_threshold": 1e-16,
        "generations": 1000000000000000019884624838656,
        "max_time": 180,
        "metric": "mae",
        "mutation_prob": 0.4,
        "operators": [
            "+",
            "-",
            "*",
            "/",
            "sin",
            "cos",
            "exp",
            "log"
        ],
        "parallel": false,
        "population_size": 500,
        "stack_size": 64,
        "use_simplification": true
    },
    "random_state": 23654,
    "process_time": 9693.744629994999,
    "time_time": 9716.60947060585,
    "target_noise": 0.0,
    "feature_noise": 0.0,
    "model_size": 49,
    "symbolic_model": "((X_3 + X_1 + (log(-0.126762))(sin(X_1)))(exp(X_3 + X_1 + (log(-0.126762))(sin(X_1))) - (-0.132906)) - (X_5))/(log((-913393500.537782 + X_7 + X_2 - (((sin((X_8)/((X_8)(X_8))))(97122.612734))((X_8)/((X_8)(X_8))) - (-598986319.076358)) - (((-598986319.076358)/((672054830.628776)/(sin(672054830.628776) + X_8 + X_8 + X_2)))/(exp(X_2))) - (-1512405223.938217))(sin(X_1))))",
    "mse_train": 0.7073412881990564,
    "mae_train": 0.6505269983670754,
    "r2_train": 0.2792360916418988,
    "mse_test": 0.9318152680908396,
    "mae_test": 0.8207459610150433,
    "r2_test": 0.0657857978924381
}