{
    "dataset": "613_fri_c3_250_5",
    "algorithm": "BingoRegressor",
    "params": {
        "clo_alg": "lm",
        "crossover_prob": 0.4,
        "fitness_threshold": 1e-16,
        "generations": 1000000000000000019884624838656,
        "max_time": 180,
        "metric": "mae",
        "mutation_prob": 0.4,
        "operators": [
            "+",
            "-",
            "*",
            "/",
            "sin",
            "cos",
            "exp",
            "log"
        ],
        "parallel": false,
        "population_size": 500,
        "stack_size": 64,
        "use_simplification": true
    },
    "random_state": 23654,
    "process_time": 11901.901096901001,
    "time_time": 11929.942832231522,
    "target_noise": 0.0,
    "feature_noise": 0.0,
    "model_size": 31,
    "symbolic_model": "(log(sin(exp(log(log((3620.419005 + log(3620.419005))/(X_1) - (X_3) - (cos(X_2))))))) + (0.023961)(sin((X_1 - (cos(-4626.200157)))(X_1 - (cos(-4626.200157))) - (X_2 + X_2))))(X_1 - (cos(-4626.200157)) - (exp(cos(log((3620.419005 + log(3620.419005))/(X_1) - (X_3) - (cos(X_2)))))))",
    "mse_train": 0.8583949020459716,
    "mae_train": 0.6908066644140732,
    "r2_train": 0.16458034055397508,
    "mse_test": 0.763288955304426,
    "mae_test": 0.666281187661349,
    "r2_test": 0.13644568330856022
}