{
    "dataset": "627_fri_c2_500_10",
    "algorithm": "BingoRegressor",
    "params": {
        "clo_alg": "lm",
        "crossover_prob": 0.4,
        "fitness_threshold": 1e-16,
        "generations": 1000000000000000019884624838656,
        "max_time": 180,
        "metric": "mae",
        "mutation_prob": 0.4,
        "operators": [
            "+",
            "-",
            "*",
            "/",
            "sin",
            "cos",
            "exp",
            "log"
        ],
        "parallel": false,
        "population_size": 500,
        "stack_size": 16,
        "use_simplification": true
    },
    "random_state": 23654,
    "process_time": 11932.387027589,
    "time_time": 11960.423156499863,
    "target_noise": 0.0,
    "feature_noise": 0.0,
    "model_size": 15,
    "symbolic_model": "((cos(cos(X_1) + cos(X_1) - (X_1)))(-5.202058))/((12.812518)/(exp(cos(X_1) + cos(X_1))) + cos(X_3) - (cos(cos(X_1) + cos(X_1) - (X_1))))",
    "mse_train": 0.4003180545860944,
    "mae_train": 0.4944649361252859,
    "r2_train": 0.5972942539304877,
    "mse_test": 0.45795556392181064,
    "mae_test": 0.531740615123796,
    "r2_test": 0.5464067097224558
}