{
    "dataset": "706_sleuth_case1202",
    "algorithm": "BingoRegressor",
    "params": {
        "clo_alg": "lm",
        "crossover_prob": 0.4,
        "fitness_threshold": 1e-16,
        "generations": 1000000000000000019884624838656,
        "max_time": 180,
        "metric": "mae",
        "mutation_prob": 0.4,
        "operators": [
            "+",
            "-",
            "*",
            "/",
            "sin",
            "cos",
            "exp",
            "log"
        ],
        "parallel": false,
        "population_size": 2500,
        "stack_size": 16,
        "use_simplification": true
    },
    "random_state": 23654,
    "process_time": 8354.719103381001,
    "time_time": 8354.746784448624,
    "target_noise": 0.0,
    "feature_noise": 0.0,
    "model_size": 16,
    "symbolic_model": "(((X_4)/(X_4))(X_4))/((X_4)/(X_4) + exp((X_4)/(X_4) + X_4 + ((X_4)/(X_4))(X_4) - (X_3))) + ((0.008154)(X_2))/(X_5)",
    "mse_train": 4922.103278514759,
    "mae_train": 42.14624058330108,
    "r2_train": 0.3552477493570392,
    "mse_test": 7860.673053553747,
    "mae_test": 57.94441412929925,
    "r2_test": 0.1943921948040901
}