{
    "dataset": "523_analcatdata_neavote",
    "algorithm": "BingoRegressor",
    "params": {
        "clo_alg": "lm",
        "crossover_prob": 0.4,
        "fitness_threshold": 1e-16,
        "generations": 1000000000000000019884624838656,
        "max_time": 180,
        "metric": "mae",
        "mutation_prob": 0.4,
        "operators": [
            "+",
            "-",
            "*",
            "/",
            "sin",
            "cos",
            "exp",
            "log"
        ],
        "parallel": false,
        "population_size": 100,
        "stack_size": 16,
        "use_simplification": true
    },
    "random_state": 23654,
    "process_time": 9627.594222157999,
    "time_time": 9650.214215993881,
    "target_noise": 0.0,
    "feature_noise": 0.0,
    "model_size": 16,
    "symbolic_model": "(-0.070426)/(cos((X_0)/(cos(-3155.616538)) + log(5327.784347 - (X_0) - (X_0 - (cos(-3155.616538)))))) - (0.925805)",
    "mse_train": 0.7448426748091012,
    "mae_train": 0.4869483388201163,
    "r2_train": 0.9533820677192382,
    "mse_test": 0.6890009510973201,
    "mae_test": 0.4528477978274067,
    "r2_test": 0.9497871275144794
}