{
    "dataset": "598_fri_c0_1000_25",
    "algorithm": "BingoRegressor",
    "params": {
        "clo_alg": "lm",
        "crossover_prob": 0.4,
        "fitness_threshold": 1e-16,
        "generations": 1000000000000000019884624838656,
        "max_time": 180,
        "metric": "mae",
        "mutation_prob": 0.4,
        "operators": [
            "+",
            "-",
            "*",
            "/",
            "sin",
            "cos",
            "exp",
            "log"
        ],
        "parallel": false,
        "population_size": 500,
        "stack_size": 16,
        "use_simplification": true
    },
    "random_state": 23654,
    "process_time": 11941.882556066,
    "time_time": 11970.030762434006,
    "target_noise": 0.0,
    "feature_noise": 0.0,
    "model_size": 14,
    "symbolic_model": "(X_0 + X_1 + -4031.317397 - (-4031.317397) + X_3 + X_3)/(-2182.182869 + 2185.300591)",
    "mse_train": 0.38603248980849053,
    "mae_train": 0.49354005709761606,
    "r2_train": 0.6200884286986433,
    "mse_test": 0.3979235145479431,
    "mae_test": 0.5015723424175074,
    "r2_test": 0.5777645202913586
}