{
    "dataset": "657_fri_c2_250_10",
    "algorithm": "BingoRegressor",
    "params": {
        "clo_alg": "lm",
        "crossover_prob": 0.4,
        "fitness_threshold": 1e-16,
        "generations": 1000000000000000019884624838656,
        "max_time": 180,
        "metric": "mae",
        "mutation_prob": 0.4,
        "operators": [
            "+",
            "-",
            "*",
            "/",
            "sin",
            "cos",
            "exp",
            "log"
        ],
        "parallel": false,
        "population_size": 100,
        "stack_size": 16,
        "use_simplification": true
    },
    "random_state": 23654,
    "process_time": 11900.951814541,
    "time_time": 11900.933425664902,
    "target_noise": 0.0,
    "feature_noise": 0.0,
    "model_size": 16,
    "symbolic_model": "sin((((X_8)/(X_1))/((((X_8)/(X_1) + (2.714619)/((X_8)/(X_1)))((X_8)/(X_1) + (2.714619)/((X_8)/(X_1))))/(cos(exp(X_1)) - (X_1)) - ((exp(X_1))/(cos(exp(X_1))))))((X_8)/(X_1)))",
    "mse_train": 0.6917771832608804,
    "mae_train": 0.6325786789899812,
    "r2_train": 0.2658881987473706,
    "mse_test": 0.9024791797765931,
    "mae_test": 0.7195154518756403,
    "r2_test": 0.1842035795297159
}