{
    "dataset": "665_sleuth_case2002",
    "algorithm": "BingoRegressor",
    "params": {
        "clo_alg": "lm",
        "crossover_prob": 0.4,
        "fitness_threshold": 1e-16,
        "generations": 1000000000000000019884624838656,
        "max_time": 180,
        "metric": "mae",
        "mutation_prob": 0.4,
        "operators": [
            "+",
            "-",
            "*",
            "/",
            "sin",
            "cos",
            "exp",
            "log"
        ],
        "parallel": false,
        "population_size": 100,
        "stack_size": 16,
        "use_simplification": true
    },
    "random_state": 23654,
    "process_time": 11335.779466983,
    "time_time": 11362.401359558105,
    "target_noise": 0.0,
    "feature_noise": 0.0,
    "model_size": 16,
    "symbolic_model": "X_5 - (sin(exp((X_5)/(sin(5495.536271))))) - (sin(X_5 - (sin(exp((X_5)/(sin(5495.536271)))))) - (log(5495.536271 - (-37158282.847265)) + -8.545435 + -8.545435))",
    "mse_train": 52.849845243391044,
    "mae_train": 4.868692141859461,
    "r2_train": 0.45809453771572406,
    "mse_test": 51.74910602743578,
    "mae_test": 5.080018194888141,
    "r2_test": 0.29057573299593864
}