{
    "dataset": "547_no2",
    "algorithm": "BingoRegressor",
    "params": {
        "clo_alg": "lm",
        "crossover_prob": 0.4,
        "fitness_threshold": 1e-16,
        "generations": 1000000000000000019884624838656,
        "max_time": 180,
        "metric": "mae",
        "mutation_prob": 0.4,
        "operators": [
            "+",
            "-",
            "*",
            "/",
            "sin",
            "cos",
            "exp",
            "log"
        ],
        "parallel": false,
        "population_size": 2500,
        "stack_size": 64,
        "use_simplification": true
    },
    "random_state": 23654,
    "process_time": 12090.884760339,
    "time_time": 12090.927865743637,
    "target_noise": 0.0,
    "feature_noise": 0.0,
    "model_size": 22,
    "symbolic_model": "(12512.212778 - (12512.143242))/(exp(sin((X_3)/(cos(X_2)) - (log(12512.143242))) + (exp(X_1 + X_2))/(sin(5267.842656)) - (X_3)))",
    "mse_train": 0.530965421947929,
    "mae_train": 0.5684622651249018,
    "r2_train": 0.07189323898036781,
    "mse_test": 0.5112800619822571,
    "mae_test": 0.5469273947741444,
    "r2_test": 0.03988353762610708
}