{
    "dataset": "561_cpu",
    "algorithm": "BingoRegressor",
    "params": {
        "clo_alg": "lm",
        "crossover_prob": 0.4,
        "fitness_threshold": 1e-16,
        "generations": 1000000000000000019884624838656,
        "max_time": 180,
        "metric": "mae",
        "mutation_prob": 0.4,
        "operators": [
            "+",
            "-",
            "*",
            "/",
            "sin",
            "cos",
            "exp",
            "log"
        ],
        "parallel": false,
        "population_size": 500,
        "stack_size": 16,
        "use_simplification": true
    },
    "random_state": 23654,
    "process_time": 11785.659117772999,
    "time_time": 11813.467219352722,
    "target_noise": 0.0,
    "feature_noise": 0.0,
    "model_size": 14,
    "symbolic_model": "log((3.611915)/(X_3 + X_3 + -4.295810) - ((exp(X_3 + X_3 + -4.295810))(X_4 - (cos(exp(X_3 + X_3 + -4.295810))))))",
    "mse_train": 1439.5540869661118,
    "mae_train": 18.95387246215498,
    "r2_train": 0.9478701005615348,
    "mse_test": 1754.4953854250691,
    "mae_test": 17.75768573747942,
    "r2_test": 0.8557488141851328
}