{
    "dataset": "1029_LEV",
    "algorithm": "BingoRegressor",
    "params": {
        "clo_alg": "lm",
        "crossover_prob": 0.4,
        "fitness_threshold": 1e-16,
        "generations": 1000000000000000019884624838656,
        "max_time": 180,
        "metric": "mae",
        "mutation_prob": 0.4,
        "operators": [
            "+",
            "-",
            "*",
            "/",
            "sin",
            "cos",
            "exp",
            "log"
        ],
        "parallel": false,
        "population_size": 100,
        "stack_size": 64,
        "use_simplification": true
    },
    "random_state": 23654,
    "process_time": 11975.840016477001,
    "time_time": 11975.832192659378,
    "target_noise": 0.0,
    "feature_noise": 0.0,
    "model_size": 26,
    "symbolic_model": "(exp(cos(log(log((1506.621715 - (X_2) + X_2 - (log(cos(1506.621715)) - (cos(cos(1506.621715)))))(1506.621715 - (X_2) + X_2 - (log(cos(1506.621715)) - (cos(cos(1506.621715))))) + cos(cos(1506.621715)) + ((X_3)(log(1506.621715)) - (X_0))((X_3)(log(1506.621715)) - (X_0)))))))(cos(log(1506.621715 - (X_2) + X_2 - (log(cos(1506.621715)) - (cos(cos(1506.621715)))))))",
    "mse_train": 0.9533334214282043,
    "mae_train": 0.724000120696357,
    "r2_train": -0.04318858621136301,
    "mse_test": 0.968000105844215,
    "mae_test": 0.6960001345343809,
    "r2_test": -0.07758632472327287
}