{
    "dataset": "616_fri_c4_500_50",
    "algorithm": "BingoRegressor",
    "params": {
        "clo_alg": "lm",
        "crossover_prob": 0.4,
        "fitness_threshold": 1e-16,
        "generations": 1000000000000000019884624838656,
        "max_time": 180,
        "metric": "mae",
        "mutation_prob": 0.4,
        "operators": [
            "+",
            "-",
            "*",
            "/",
            "sin",
            "cos",
            "exp",
            "log"
        ],
        "parallel": false,
        "population_size": 100,
        "stack_size": 32,
        "use_simplification": true
    },
    "random_state": 23654,
    "process_time": 11932.116764719,
    "time_time": 11960.123994112015,
    "target_noise": 0.0,
    "feature_noise": 0.0,
    "model_size": 19,
    "symbolic_model": "sin((cos(X_1))((cos(X_1))(log(exp(exp(exp(X_1))) + X_2 + X_3 + X_3)) + X_0 - (X_2)))",
    "mse_train": 0.5168081364344626,
    "mae_train": 0.4970606787640593,
    "r2_train": 0.4903878996794251,
    "mse_test": 0.45656757774660633,
    "mae_test": 0.5005659918340861,
    "r2_test": 0.5181785498601083
}