{
    "dataset": "659_sleuth_ex1714",
    "algorithm": "BingoRegressor",
    "params": {
        "clo_alg": "lm",
        "crossover_prob": 0.4,
        "fitness_threshold": 1e-16,
        "generations": 1000000000000000019884624838656,
        "max_time": 180,
        "metric": "mae",
        "mutation_prob": 0.4,
        "operators": [
            "+",
            "-",
            "*",
            "/",
            "sin",
            "cos",
            "exp",
            "log"
        ],
        "parallel": false,
        "population_size": 100,
        "stack_size": 64,
        "use_simplification": true
    },
    "random_state": 23654,
    "process_time": 8624.223095808,
    "time_time": 8644.554700136185,
    "target_noise": 0.0,
    "feature_noise": 0.0,
    "model_size": 40,
    "symbolic_model": "(X_5)/(exp(exp((X_3 - (((X_1 - (log(X_1)))/(cos((X_0)(-61.243976 - (-1261.764064)))))((X_1 - (log(X_1)))/(cos((X_0)(-61.243976 - (-1261.764064)))))) - ((X_2)(exp(X_4))) - (((log(exp((cos(-61.243976))/((sin(X_3 - (((X_1 - (log(X_1)))/(cos((X_0)(-61.243976 - (-1261.764064)))))((X_1 - (log(X_1)))/(cos((X_0)(-61.243976 - (-1261.764064)))))) + X_3))/(X_3 - (((X_1 - (log(X_1)))/(cos((X_0)(-61.243976 - (-1261.764064)))))((X_1 - (log(X_1)))/(cos((X_0)(-61.243976 - (-1261.764064)))))) + X_3)))))/(cos(X_2)))/(X_3)) - (X_6))/((X_5)(X_5)))))",
    "mse_train": 798211.6930980837,
    "mae_train": 467.06077238143047,
    "r2_train": 0.8996898232253984,
    "mse_test": 2314651.739345971,
    "mae_test": 1246.9145814312076,
    "r2_test": 0.4314086268189937
}