{
    "dataset": "633_fri_c0_500_25",
    "algorithm": "BingoRegressor",
    "params": {
        "clo_alg": "lm",
        "crossover_prob": 0.4,
        "fitness_threshold": 1e-16,
        "generations": 1000000000000000019884624838656,
        "max_time": 180,
        "metric": "mae",
        "mutation_prob": 0.4,
        "operators": [
            "+",
            "-",
            "*",
            "/",
            "sin",
            "cos",
            "exp",
            "log"
        ],
        "parallel": false,
        "population_size": 2500,
        "stack_size": 16,
        "use_simplification": true
    },
    "random_state": 23654,
    "process_time": 11936.911165376001,
    "time_time": 11964.94464802742,
    "target_noise": 0.0,
    "feature_noise": 0.0,
    "model_size": 14,
    "symbolic_model": "((X_0 + sin(X_0) + X_3 + X_3)/(exp(X_2)) - (-0.277302))/(76.384707)",
    "mse_train": 0.9098672521086246,
    "mae_train": 0.7769286868424691,
    "r2_train": 0.07030265182073392,
    "mse_test": 0.9902551706652931,
    "mae_test": 0.7928379518798379,
    "r2_test": 0.05774468332213567
}