{
    "dataset": "1196_BNG_pharynx",
    "algorithm": "BingoRegressor",
    "params": {
        "clo_alg": "lm",
        "crossover_prob": 0.4,
        "fitness_threshold": 1e-16,
        "generations": 1000000000000000019884624838656,
        "max_time": 180,
        "metric": "mae",
        "mutation_prob": 0.4,
        "operators": [
            "+",
            "-",
            "*",
            "/",
            "sin",
            "cos",
            "exp",
            "log"
        ],
        "parallel": false,
        "population_size": 500,
        "stack_size": 64,
        "use_simplification": true
    },
    "random_state": 23654,
    "process_time": 12000.265363117,
    "time_time": 12028.523802995682,
    "target_noise": 0.0,
    "feature_noise": 0.0,
    "model_size": 2,
    "symbolic_model": "sin(X_9)",
    "mse_train": 108989.6854269499,
    "mae_train": 244.36242581550005,
    "r2_train": 0.3654712778648832,
    "mse_test": 113898.33087575066,
    "mae_test": 247.56025194780324,
    "r2_test": 0.34454039408582326
}