{
    "dataset": "644_fri_c4_250_25",
    "algorithm": "BingoRegressor",
    "params": {
        "clo_alg": "lm",
        "crossover_prob": 0.4,
        "fitness_threshold": 1e-16,
        "generations": 1000000000000000019884624838656,
        "max_time": 180,
        "metric": "mae",
        "mutation_prob": 0.4,
        "operators": [
            "+",
            "-",
            "*",
            "/",
            "sin",
            "cos",
            "exp",
            "log"
        ],
        "parallel": false,
        "population_size": 500,
        "stack_size": 64,
        "use_simplification": true
    },
    "random_state": 23654,
    "process_time": 11970.973226063,
    "time_time": 11999.06760597229,
    "target_noise": 0.0,
    "feature_noise": 0.0,
    "model_size": 16,
    "symbolic_model": "cos(((-1703.418540 - (X_8))(X_1) - (sin(X_1)))/(exp(X_1)) - (cos(exp(X_1))) - (((-1703.418540 - (X_8))(X_1) - (sin(X_1)))/(exp(X_1)) - (cos(exp(X_1))) + exp(X_1) + X_0))",
    "mse_train": 0.46732705019386717,
    "mae_train": 0.5297202595758836,
    "r2_train": 0.5362726385165151,
    "mse_test": 0.32168612605418606,
    "mae_test": 0.43035757258884777,
    "r2_test": 0.6485495550148286
}