{
    "dataset": "582_fri_c1_500_25",
    "algorithm": "BingoRegressor",
    "params": {
        "clo_alg": "lm",
        "crossover_prob": 0.4,
        "fitness_threshold": 1e-16,
        "generations": 1000000000000000019884624838656,
        "max_time": 180,
        "metric": "mae",
        "mutation_prob": 0.4,
        "operators": [
            "+",
            "-",
            "*",
            "/",
            "sin",
            "cos",
            "exp",
            "log"
        ],
        "parallel": false,
        "population_size": 500,
        "stack_size": 32,
        "use_simplification": true
    },
    "random_state": 23654,
    "process_time": 11983.390313656999,
    "time_time": 11983.428084373474,
    "target_noise": 0.0,
    "feature_noise": 0.0,
    "model_size": 25,
    "symbolic_model": "(-0.017222)(sin(5656.067894 - (X_10)) - (5656.067894 - (X_10)) - (-5656.300830 - (exp(X_20) + X_12) - ((exp(cos(5656.067894 - (X_10))) - ((cos(5656.067894 - (X_10)))(sin(5656.067894 - (X_10)))))(-2.269638) - ((0.165821)/(X_4)))))",
    "mse_train": 0.9713645589533055,
    "mae_train": 0.7882952517942813,
    "r2_train": 0.002199181462323896,
    "mse_test": 1.0955501506440024,
    "mae_test": 0.8603356758804658,
    "r2_test": -0.024181011603923608
}