{
    "dataset": "505_tecator",
    "algorithm": "BingoRegressor",
    "params": {
        "clo_alg": "lm",
        "crossover_prob": 0.4,
        "fitness_threshold": 1e-16,
        "generations": 1000000000000000019884624838656,
        "max_time": 180,
        "metric": "mae",
        "mutation_prob": 0.4,
        "operators": [
            "+",
            "-",
            "*",
            "/",
            "sin",
            "cos",
            "exp",
            "log"
        ],
        "parallel": false,
        "population_size": 500,
        "stack_size": 16,
        "use_simplification": true
    },
    "random_state": 23654,
    "process_time": 11965.576787683,
    "time_time": 11993.741963624954,
    "target_noise": 0.0,
    "feature_noise": 0.0,
    "model_size": 15,
    "symbolic_model": "(X_111 + (X_111)/(exp(X_111)) - (X_15 + log((X_111)/(exp(X_111)))) - (X_15) - (X_123))(0.008752) - (X_122)",
    "mse_train": 2.5909772070247437,
    "mae_train": 1.1327137746727174,
    "r2_train": 0.9871106552353094,
    "mse_test": 3.4041154848061317,
    "mae_test": 1.3113939903994618,
    "r2_test": 0.984430123083067
}